ancient_scrap	0	hbm:ancient_scrap
anvil_arsenic_bronze	0	hbm:anvil_arsenic_bronze
anvil_bismuth_bronze	0	hbm:anvil_bismuth_bronze
anvil_desh	0	hbm:anvil_desh
anvil_dnt	0	hbm:anvil_dnt
anvil_ferrouranium	0	hbm:anvil_ferrouranium
anvil_iron	0	hbm:anvil_iron
anvil_lead	0	hbm:anvil_lead
anvil_murky	0	hbm:anvil_murky
anvil_osmiridium	0	hbm:anvil_osmiridium
anvil_saturnite	0	hbm:anvil_saturnite
anvil_schrabidate	0	hbm:anvil_schrabidate
anvil_steel	0	hbm:anvil_steel
ash_digamma	0	hbm:ash_digamma
asphalt	0	hbm:asphalt
asphalt_light	0	hbm:asphalt_light
asphalt_stairs	0	hbm:asphalt_stairs
barbed_wire	0	hbm:barbed_wire
barbed_wire_acid	0	hbm:barbed_wire_acid
barbed_wire_fire	0	hbm:barbed_wire_fire
barbed_wire_poison	0	hbm:barbed_wire_poison
barbed_wire_ultradeath	0	hbm:barbed_wire_ultradeath
barbed_wire_wither	0	hbm:barbed_wire_wither
barrel_antimatter	0	hbm:barrel_antimatter
barrel_plastic	0	hbm:barrel_plastic
barrel_steel	0	hbm:barrel_steel
barrel_tcalloy	0	hbm:barrel_tcalloy
basalt	0	hbm:basalt
basalt_brick	0	hbm:basalt_brick
basalt_polished	0	hbm:basalt_polished
basalt_smooth	0	hbm:basalt_smooth
basalt_tiles	0	hbm:basalt_tiles
blast_door	0	hbm:blast_door
block_actinium	0	hbm:block_actinium
block_aluminium	0	hbm:block_aluminium
block_asbestos	0	hbm:block_asbestos
block_australium	0	hbm:block_australium
block_bakelite	0	hbm:block_bakelite
block_beryllium	0	hbm:block_beryllium
block_bismuth	0	hbm:block_bismuth
block_boron	0	hbm:block_boron
block_c4	0	hbm:block_c4
block_cadmium	0	hbm:block_cadmium
block_cap	0	hbm:block_cap
block_cap	1	hbm:block_cap__1
block_cap	2	hbm:block_cap__2
block_cap	3	hbm:block_cap__3
block_cap	4	hbm:block_cap__4
block_cap	5	hbm:block_cap__5
block_cdalloy	0	hbm:block_cdalloy
block_cobalt	0	hbm:block_cobalt
block_coke	0	hbm:block_coke
block_coke	1	hbm:block_coke__1
block_coke	2	hbm:block_coke__2
block_coltan	0	hbm:block_coltan
block_combine_steel	0	hbm:block_combine_steel
block_copper	0	hbm:block_copper
block_corium	0	hbm:block_corium
block_corium_cobble	0	hbm:block_corium_cobble
block_desh	0	hbm:block_desh
block_dineutronium	0	hbm:block_dineutronium
block_dura_steel	0	hbm:block_dura_steel
block_electrical_scrap	0	hbm:block_electrical_scrap
block_euphemium	0	hbm:block_euphemium
block_euphemium_cluster	0	hbm:block_euphemium_cluster
block_fallout	0	hbm:block_fallout
block_fiberglass	0	hbm:block_fiberglass
block_fluorite	0	hbm:block_fluorite
block_foam	0	hbm:block_foam
block_graphite	0	hbm:block_graphite
block_insulator	0	hbm:block_insulator
block_lanthanium	0	hbm:block_lanthanium
block_lead	0	hbm:block_lead
block_lithium	0	hbm:block_lithium
block_magnetized_tungsten	0	hbm:block_magnetized_tungsten
block_meteor	0	hbm:block_meteor
block_meteor_broken	0	hbm:block_meteor_broken
block_meteor_cobble	0	hbm:block_meteor_cobble
block_meteor_molten	0	hbm:block_meteor_molten
block_meteor_treasure	0	hbm:block_meteor_treasure
block_mox_fuel	0	hbm:block_mox_fuel
block_neptunium	0	hbm:block_neptunium
block_niobium	0	hbm:block_niobium
block_niter	0	hbm:block_niter
block_plutonium	0	hbm:block_plutonium
block_plutonium_fuel	0	hbm:block_plutonium_fuel
block_polonium	0	hbm:block_polonium
block_polymer	0	hbm:block_polymer
block_pu238	0	hbm:block_pu238
block_pu239	0	hbm:block_pu239
block_pu240	0	hbm:block_pu240
block_pu_mix	0	hbm:block_pu_mix
block_ra226	0	hbm:block_ra226
block_red_copper	0	hbm:block_red_copper
block_red_phosphorus	0	hbm:block_red_phosphorus
block_rubber	0	hbm:block_rubber
block_schrabidate	0	hbm:block_schrabidate
block_schrabidium	0	hbm:block_schrabidium
block_schrabidium_cluster	0	hbm:block_schrabidium_cluster
block_schrabidium_fuel	0	hbm:block_schrabidium_fuel
block_schraranium	0	hbm:block_schraranium
block_scrap	0	hbm:block_scrap
block_semtex	0	hbm:block_semtex
block_slag	0	hbm:block_slag
block_smore	0	hbm:block_smore
block_solinium	0	hbm:block_solinium
block_starmetal	0	hbm:block_starmetal
block_steel	0	hbm:block_steel
block_sulfur	0	hbm:block_sulfur
block_tantalium	0	hbm:block_tantalium
block_tcalloy	0	hbm:block_tcalloy
block_thorium	0	hbm:block_thorium
block_thorium_fuel	0	hbm:block_thorium_fuel
block_titanium	0	hbm:block_titanium
block_trinitite	0	hbm:block_trinitite
block_tritium	0	hbm:block_tritium
block_tungsten	0	hbm:block_tungsten
block_u233	0	hbm:block_u233
block_u235	0	hbm:block_u235
block_u238	0	hbm:block_u238
block_uranium	0	hbm:block_uranium
block_uranium_fuel	0	hbm:block_uranium_fuel
block_waste	0	hbm:block_waste
block_waste_painted	0	hbm:block_waste_painted
block_waste_vitrified	0	hbm:block_waste_vitrified
block_white_phosphorus	0	hbm:block_white_phosphorus
block_yellowcake	0	hbm:block_yellowcake
block_zirconium	0	hbm:block_zirconium
boat	0	hbm:boat
bobblehead	1	hbm:bobblehead__1
bobblehead	10	hbm:bobblehead__10
bobblehead	11	hbm:bobblehead__11
bobblehead	12	hbm:bobblehead__12
bobblehead	13	hbm:bobblehead__13
bobblehead	14	hbm:bobblehead__14
bobblehead	15	hbm:bobblehead__15
bobblehead	16	hbm:bobblehead__16
bobblehead	17	hbm:bobblehead__17
bobblehead	18	hbm:bobblehead__18
bobblehead	19	hbm:bobblehead__19
bobblehead	2	hbm:bobblehead__2
bobblehead	20	hbm:bobblehead__20
bobblehead	21	hbm:bobblehead__21
bobblehead	22	hbm:bobblehead__22
bobblehead	23	hbm:bobblehead__23
bobblehead	24	hbm:bobblehead__24
bobblehead	3	hbm:bobblehead__3
bobblehead	4	hbm:bobblehead__4
bobblehead	5	hbm:bobblehead__5
bobblehead	6	hbm:bobblehead__6
bobblehead	7	hbm:bobblehead__7
bobblehead	8	hbm:bobblehead__8
bobblehead	9	hbm:bobblehead__9
bomb_multi	0	hbm:bomb_multi
book_guide	0	hbm:book_guide
boxcar	0	hbm:boxcar
brick_asbestos	0	hbm:brick_asbestos
brick_asbestos_stairs	0	hbm:brick_asbestos_stairs
brick_compound	0	hbm:brick_compound
brick_compound_stairs	0	hbm:brick_compound_stairs
brick_concrete	0	hbm:brick_concrete
brick_concrete_broken	0	hbm:brick_concrete_broken
brick_concrete_broken_stairs	0	hbm:brick_concrete_broken_stairs
brick_concrete_cracked	0	hbm:brick_concrete_cracked
brick_concrete_cracked_stairs	0	hbm:brick_concrete_cracked_stairs
brick_concrete_marked	0	hbm:brick_concrete_marked
brick_concrete_mossy	0	hbm:brick_concrete_mossy
brick_concrete_mossy_stairs	0	hbm:brick_concrete_mossy_stairs
brick_concrete_stairs	0	hbm:brick_concrete_stairs
brick_ducrete	0	hbm:brick_ducrete
brick_ducrete_stairs	0	hbm:brick_ducrete_stairs
brick_fire	0	hbm:brick_fire
brick_fire_stairs	0	hbm:brick_fire_stairs
brick_jungle	0	hbm:brick_jungle
brick_jungle_circle	0	hbm:brick_jungle_circle
brick_jungle_cracked	0	hbm:brick_jungle_cracked
brick_jungle_fragile	0	hbm:brick_jungle_fragile
brick_jungle_glyph	0	hbm:brick_jungle_glyph
brick_jungle_glyph	1	hbm:brick_jungle_glyph__1
brick_jungle_glyph	10	hbm:brick_jungle_glyph__10
brick_jungle_glyph	11	hbm:brick_jungle_glyph__11
brick_jungle_glyph	12	hbm:brick_jungle_glyph__12
brick_jungle_glyph	13	hbm:brick_jungle_glyph__13
brick_jungle_glyph	14	hbm:brick_jungle_glyph__14
brick_jungle_glyph	15	hbm:brick_jungle_glyph__15
brick_jungle_glyph	2	hbm:brick_jungle_glyph__2
brick_jungle_glyph	3	hbm:brick_jungle_glyph__3
brick_jungle_glyph	4	hbm:brick_jungle_glyph__4
brick_jungle_glyph	5	hbm:brick_jungle_glyph__5
brick_jungle_glyph	6	hbm:brick_jungle_glyph__6
brick_jungle_glyph	7	hbm:brick_jungle_glyph__7
brick_jungle_glyph	8	hbm:brick_jungle_glyph__8
brick_jungle_glyph	9	hbm:brick_jungle_glyph__9
brick_jungle_lava	0	hbm:brick_jungle_lava
brick_jungle_mystic	0	hbm:brick_jungle_mystic
brick_jungle_ooze	0	hbm:brick_jungle_ooze
brick_jungle_trap	0	hbm:brick_jungle_trap
brick_jungle_trap	1	hbm:brick_jungle_trap__1
brick_jungle_trap	10	hbm:brick_jungle_trap__10
brick_jungle_trap	11	hbm:brick_jungle_trap__11
brick_jungle_trap	12	hbm:brick_jungle_trap__12
brick_jungle_trap	13	hbm:brick_jungle_trap__13
brick_jungle_trap	14	hbm:brick_jungle_trap__14
brick_jungle_trap	2	hbm:brick_jungle_trap__2
brick_jungle_trap	3	hbm:brick_jungle_trap__3
brick_jungle_trap	4	hbm:brick_jungle_trap__4
brick_jungle_trap	5	hbm:brick_jungle_trap__5
brick_jungle_trap	6	hbm:brick_jungle_trap__6
brick_jungle_trap	7	hbm:brick_jungle_trap__7
brick_jungle_trap	8	hbm:brick_jungle_trap__8
brick_jungle_trap	9	hbm:brick_jungle_trap__9
brick_light	0	hbm:brick_light
brick_light_stairs	0	hbm:brick_light_stairs
brick_obsidian	0	hbm:brick_obsidian
brick_obsidian_stairs	0	hbm:brick_obsidian_stairs
brick_slab	0	hbm:brick_slab
brick_slab	1	hbm:brick_slab__1
brick_slab	2	hbm:brick_slab__2
brick_slab	3	hbm:brick_slab__3
brick_slab	4	hbm:brick_slab__4
brick_slab	5	hbm:brick_slab__5
brick_slab	6	hbm:brick_slab__6
broadcaster_pc	0	hbm:broadcaster_pc
burning_earth	0	hbm:burning_earth
c4	0	hbm:c4
cable_detector	0	hbm:cable_detector
cable_diode	0	hbm:cable_diode
cable_switch	0	hbm:cable_switch
capacitor_copper	0	hbm:capacitor_copper
cargo_door	0	hbm:cargo_door
cargo_elevator	0	hbm:cargo_elevator
charge_c4	0	hbm:charge_c4
charge_dynamite	0	hbm:charge_dynamite
charge_miner	0	hbm:charge_miner
charge_semtex	0	hbm:charge_semtex
charger	0	hbm:charger
chimney_brick	0	hbm:chimney_brick
chimney_industrial	0	hbm:chimney_industrial
chlorine_gas	0	hbm:chlorine_gas
cluster_aluminium	0	hbm:cluster_aluminium
cluster_copper	0	hbm:cluster_copper
cluster_depth_iron	0	hbm:cluster_depth_iron
cluster_depth_titanium	0	hbm:cluster_depth_titanium
cluster_depth_tungsten	0	hbm:cluster_depth_tungsten
cluster_iron	0	hbm:cluster_iron
cluster_titanium	0	hbm:cluster_titanium
cm_block	0	hbm:cm_block
cm_block	1	hbm:cm_block__1
cm_block	2	hbm:cm_block__2
cm_block	3	hbm:cm_block__3
cm_circuit	0	hbm:cm_circuit
cm_circuit	1	hbm:cm_circuit__1
cm_circuit	2	hbm:cm_circuit__2
cm_circuit	3	hbm:cm_circuit__3
cm_circuit	4	hbm:cm_circuit__4
cm_engine	0	hbm:cm_engine
cm_engine	1	hbm:cm_engine__1
cm_engine	2	hbm:cm_engine__2
cm_flux	0	hbm:cm_flux
cm_heat	0	hbm:cm_heat
cm_port	0	hbm:cm_port
cm_port	1	hbm:cm_port__1
cm_port	2	hbm:cm_port__2
cm_port	3	hbm:cm_port__3
cm_sheet	0	hbm:cm_sheet
cm_sheet	1	hbm:cm_sheet__1
cm_sheet	2	hbm:cm_sheet__2
cm_sheet	3	hbm:cm_sheet__3
cm_tank	0	hbm:cm_tank
cm_tank	1	hbm:cm_tank__1
cm_tank	2	hbm:cm_tank__2
cm_tank	3	hbm:cm_tank__3
cmb_brick	0	hbm:cmb_brick
cmb_brick_reinforced	0	hbm:cmb_brick_reinforced
compact_launcher	0	hbm:compact_launcher
concrete	0	hbm:concrete
concrete_asbestos	0	hbm:concrete_asbestos
concrete_asbestos_stairs	0	hbm:concrete_asbestos_stairs
concrete_brick_slab	0	hbm:concrete_brick_slab
concrete_brick_slab	1	hbm:concrete_brick_slab__1
concrete_brick_slab	2	hbm:concrete_brick_slab__2
concrete_brick_slab	3	hbm:concrete_brick_slab__3
concrete_brick_slab	4	hbm:concrete_brick_slab__4
concrete_colored	0	hbm:concrete_colored
concrete_colored	1	hbm:concrete_colored__1
concrete_colored	10	hbm:concrete_colored__10
concrete_colored	11	hbm:concrete_colored__11
concrete_colored	12	hbm:concrete_colored__12
concrete_colored	13	hbm:concrete_colored__13
concrete_colored	14	hbm:concrete_colored__14
concrete_colored	15	hbm:concrete_colored__15
concrete_colored	2	hbm:concrete_colored__2
concrete_colored	3	hbm:concrete_colored__3
concrete_colored	4	hbm:concrete_colored__4
concrete_colored	5	hbm:concrete_colored__5
concrete_colored	6	hbm:concrete_colored__6
concrete_colored	7	hbm:concrete_colored__7
concrete_colored	8	hbm:concrete_colored__8
concrete_colored	9	hbm:concrete_colored__9
concrete_colored_ext	0	hbm:concrete_colored_ext
concrete_colored_ext	1	hbm:concrete_colored_ext__1
concrete_colored_ext	2	hbm:concrete_colored_ext__2
concrete_colored_ext	3	hbm:concrete_colored_ext__3
concrete_colored_ext	4	hbm:concrete_colored_ext__4
concrete_colored_ext	5	hbm:concrete_colored_ext__5
concrete_colored_ext	6	hbm:concrete_colored_ext__6
concrete_colored_ext	7	hbm:concrete_colored_ext__7
concrete_pillar	0	hbm:concrete_pillar
concrete_rebar	0	hbm:concrete_rebar
concrete_slab	0	hbm:concrete_slab
concrete_slab	1	hbm:concrete_slab__1
concrete_slab	2	hbm:concrete_slab__2
concrete_slab	3	hbm:concrete_slab__3
concrete_slab	4	hbm:concrete_slab__4
concrete_slab	5	hbm:concrete_slab__5
concrete_smooth	0	hbm:concrete_smooth
concrete_smooth_stairs	0	hbm:concrete_smooth_stairs
concrete_stairs	0	hbm:concrete_stairs
concrete_super	0	hbm:concrete_super
concrete_super_broken	0	hbm:concrete_super_broken
crane_boxer	0	hbm:crane_boxer
crane_extractor	0	hbm:crane_extractor
crane_grabber	0	hbm:crane_grabber
crane_inserter	0	hbm:crane_inserter
crane_partitioner	0	hbm:crane_partitioner
crane_router	0	hbm:crane_router
crane_splitter	0	hbm:crane_splitter
crane_unboxer	0	hbm:crane_unboxer
crashed_bomb	0	hbm:crashed_bomb
crashed_bomb	1	hbm:crashed_bomb__1
crashed_bomb	2	hbm:crashed_bomb__2
crashed_bomb	3	hbm:crashed_bomb__3
crate	0	hbm:crate
crate_ammo	0	hbm:crate_ammo
crate_can	0	hbm:crate_can
crate_desh	0	hbm:crate_desh
crate_iron	0	hbm:crate_iron
crate_jungle	0	hbm:crate_jungle
crate_lead	0	hbm:crate_lead
crate_metal	0	hbm:crate_metal
crate_steel	0	hbm:crate_steel
crate_supply	0	hbm:crate_supply
crate_tungsten	0	hbm:crate_tungsten
crate_weapon	0	hbm:crate_weapon
custom_machine	100	hbm:custom_machine__100
custom_machine_anchor	0	hbm:custom_machine_anchor
deco_aluminium	0	hbm:deco_aluminium
deco_asbestos	0	hbm:deco_asbestos
deco_beryllium	0	hbm:deco_beryllium
deco_computer	0	hbm:deco_computer
deco_crt	0	hbm:deco_crt
deco_crt	1	hbm:deco_crt__1
deco_crt	2	hbm:deco_crt__2
deco_crt	3	hbm:deco_crt__3
deco_emitter	0	hbm:deco_emitter
deco_lead	0	hbm:deco_lead
deco_pipe	0	hbm:deco_pipe
deco_pipe_framed	0	hbm:deco_pipe_framed
deco_pipe_framed_green	0	hbm:deco_pipe_framed_green
deco_pipe_framed_green_rusted	0	hbm:deco_pipe_framed_green_rusted
deco_pipe_framed_marked	0	hbm:deco_pipe_framed_marked
deco_pipe_framed_red	0	hbm:deco_pipe_framed_red
deco_pipe_framed_rusted	0	hbm:deco_pipe_framed_rusted
deco_pipe_green	0	hbm:deco_pipe_green
deco_pipe_green_rusted	0	hbm:deco_pipe_green_rusted
deco_pipe_marked	0	hbm:deco_pipe_marked
deco_pipe_quad	0	hbm:deco_pipe_quad
deco_pipe_quad_green	0	hbm:deco_pipe_quad_green
deco_pipe_quad_green_rusted	0	hbm:deco_pipe_quad_green_rusted
deco_pipe_quad_marked	0	hbm:deco_pipe_quad_marked
deco_pipe_quad_red	0	hbm:deco_pipe_quad_red
deco_pipe_quad_rusted	0	hbm:deco_pipe_quad_rusted
deco_pipe_red	0	hbm:deco_pipe_red
deco_pipe_rim	0	hbm:deco_pipe_rim
deco_pipe_rim_green	0	hbm:deco_pipe_rim_green
deco_pipe_rim_green_rusted	0	hbm:deco_pipe_rim_green_rusted
deco_pipe_rim_marked	0	hbm:deco_pipe_rim_marked
deco_pipe_rim_red	0	hbm:deco_pipe_rim_red
deco_pipe_rim_rusted	0	hbm:deco_pipe_rim_rusted
deco_pipe_rusted	0	hbm:deco_pipe_rusted
deco_rbmk	0	hbm:deco_rbmk
deco_rbmk_smooth	0	hbm:deco_rbmk_smooth
deco_red_copper	0	hbm:deco_red_copper
deco_rusty_steel	0	hbm:deco_rusty_steel
deco_steel	0	hbm:deco_steel
deco_titanium	0	hbm:deco_titanium
deco_toaster	0	hbm:deco_toaster
deco_toaster	1	hbm:deco_toaster__1
deco_toaster	2	hbm:deco_toaster__2
deco_tungsten	0	hbm:deco_tungsten
decon	0	hbm:decon
depth_brick	0	hbm:depth_brick
depth_dnt	0	hbm:depth_dnt
depth_nether_brick	0	hbm:depth_nether_brick
depth_nether_tiles	0	hbm:depth_nether_tiles
depth_tiles	0	hbm:depth_tiles
det_charge	0	hbm:det_charge
det_cord	0	hbm:det_cord
det_miner	0	hbm:det_miner
det_nuke	0	hbm:det_nuke
dfc_core	0	hbm:dfc_core
dfc_emitter	0	hbm:dfc_emitter
dfc_injector	0	hbm:dfc_injector
dfc_receiver	0	hbm:dfc_receiver
dfc_stabilizer	0	hbm:dfc_stabilizer
dirt_dead	0	hbm:dirt_dead
dirt_oily	0	hbm:dirt_oily
drone_crate	0	hbm:drone_crate
drone_crate_provider	0	hbm:drone_crate_provider
drone_crate_requester	0	hbm:drone_crate_requester
drone_dock	0	hbm:drone_dock
drone_waypoint	0	hbm:drone_waypoint
drone_waypoint_request	0	hbm:drone_waypoint_request
ducrete	0	hbm:ducrete
ducrete_smooth	0	hbm:ducrete_smooth
ducrete_smooth_stairs	0	hbm:ducrete_smooth_stairs
ducrete_stairs	0	hbm:ducrete_stairs
dungeon_chain	0	hbm:dungeon_chain
dynamite	0	hbm:dynamite
emp_bomb	0	hbm:emp_bomb
fallout	0	hbm:fallout_1
fan	0	hbm:fan
fence_metal	0	hbm:fence_metal
fence_metal	1	hbm:fence_metal__1
filing_cabinet	0	hbm:filing_cabinet
filing_cabinet	1	hbm:filing_cabinet__1
fire_door	0	hbm:fire_door
fireworks	0	hbm:fireworks
fissure_bomb	0	hbm:fissure_bomb
flame_war	0	hbm:flame_war
float_bomb	0	hbm:float_bomb
floodlight	0	hbm:floodlight
fluid_counter_valve	0	hbm:fluid_counter_valve
fluid_duct_box	0	hbm:fluid_duct_box
fluid_duct_box	1	hbm:fluid_duct_box__1
fluid_duct_box	10	hbm:fluid_duct_box__10
fluid_duct_box	11	hbm:fluid_duct_box__11
fluid_duct_box	12	hbm:fluid_duct_box__12
fluid_duct_box	13	hbm:fluid_duct_box__13
fluid_duct_box	14	hbm:fluid_duct_box__14
fluid_duct_box	2	hbm:fluid_duct_box__2
fluid_duct_box	3	hbm:fluid_duct_box__3
fluid_duct_box	4	hbm:fluid_duct_box__4
fluid_duct_box	5	hbm:fluid_duct_box__5
fluid_duct_box	6	hbm:fluid_duct_box__6
fluid_duct_box	7	hbm:fluid_duct_box__7
fluid_duct_box	8	hbm:fluid_duct_box__8
fluid_duct_box	9	hbm:fluid_duct_box__9
fluid_duct_exhaust	0	hbm:fluid_duct_exhaust
fluid_duct_exhaust	12	hbm:fluid_duct_exhaust__12
fluid_duct_exhaust	3	hbm:fluid_duct_exhaust__3
fluid_duct_exhaust	6	hbm:fluid_duct_exhaust__6
fluid_duct_exhaust	9	hbm:fluid_duct_exhaust__9
fluid_duct_gauge	0	hbm:fluid_duct_gauge
fluid_duct_neo	0	hbm:fluid_duct_neo
fluid_duct_neo	1	hbm:fluid_duct_neo__1
fluid_duct_neo	2	hbm:fluid_duct_neo__2
fluid_duct_paintable	0	hbm:fluid_duct_paintable
fluid_duct_paintable_block_exhaust	0	hbm:fluid_duct_paintable_block_exhaust
fluid_pump	0	hbm:fluid_pump
fluid_switch	0	hbm:fluid_switch
fluid_valve	0	hbm:fluid_valve
foam_layer	0	hbm:foam_layer
foundry_basin	0	hbm:foundry_basin
foundry_channel	0	hbm:foundry_channel
foundry_mold	0	hbm:foundry_mold
foundry_outlet	0	hbm:foundry_outlet
foundry_slagtap	0	hbm:foundry_slagtap
foundry_tank	0	hbm:foundry_tank
fraction_spacer	0	hbm:fraction_spacer
frozen_dirt	0	hbm:frozen_dirt
frozen_grass	0	hbm:frozen_grass
frozen_log	0	hbm:frozen_log
frozen_planks	0	hbm:frozen_planks
furnace_combination	0	hbm:furnace_combination
furnace_iron	0	hbm:furnace_iron
furnace_steel	0	hbm:furnace_steel
fusion_boiler	0	hbm:fusion_boiler
fusion_breeder	0	hbm:fusion_breeder
fusion_collector	0	hbm:fusion_collector
fusion_component	0	hbm:fusion_component
fusion_component	1	hbm:fusion_component__1
fusion_component	2	hbm:fusion_component__2
fusion_component	3	hbm:fusion_component__3
fusion_coupler	0	hbm:fusion_coupler
fusion_klystron	0	hbm:fusion_klystron
fusion_klystron_creative	0	hbm:fusion_klystron_creative
fusion_mhdt	0	hbm:fusion_mhdt
fusion_plasma_forge	0	hbm:fusion_plasma_forge
fusion_torus	0	hbm:fusion_torus
gas_asbestos	0	hbm:gas_asbestos
gas_coal	0	hbm:gas_coal
gas_explosive	0	hbm:gas_explosive
gas_flammable	0	hbm:gas_flammable
gas_meltdown	0	hbm:gas_meltdown
gas_monoxide	0	hbm:gas_monoxide
gas_radon	0	hbm:gas_radon
gas_radon_dense	0	hbm:gas_radon_dense
gas_radon_tomb	0	hbm:gas_radon_tomb
geiger	0	hbm:geiger
glass_ash	0	hbm:glass_ash
glass_boron	0	hbm:glass_boron
glass_lead	0	hbm:glass_lead
glass_polarized	0	hbm:glass_polarized
glass_polonium	0	hbm:glass_polonium
glass_quartz	0	hbm:glass_quartz
glass_trinitite	0	hbm:glass_trinitite
glass_uranium	0	hbm:glass_uranium
glyphid_base	0	hbm:glyphid_base
glyphid_base	1	hbm:glyphid_base__1
glyphid_base	2	hbm:glyphid_base__2
glyphid_spawner	0	hbm:glyphid_spawner
glyphid_spawner	1	hbm:glyphid_spawner__1
glyphid_spawner	2	hbm:glyphid_spawner__2
gneiss_brick	0	hbm:gneiss_brick
gneiss_chiseled	0	hbm:gneiss_chiseled
gneiss_tile	0	hbm:gneiss_tile
gravel_diamond	0	hbm:gravel_diamond
gravel_obsidian	0	hbm:gravel_obsidian
hadron_coil_alloy	0	hbm:hadron_coil_alloy
hadron_coil_chlorophyte	0	hbm:hadron_coil_chlorophyte
hadron_coil_gold	0	hbm:hadron_coil_gold
hadron_coil_magtung	0	hbm:hadron_coil_magtung
hadron_coil_mese	0	hbm:hadron_coil_mese
hadron_coil_neodymium	0	hbm:hadron_coil_neodymium
hadron_coil_schrabidate	0	hbm:hadron_coil_schrabidate
hadron_coil_schrabidium	0	hbm:hadron_coil_schrabidium
hadron_coil_starmetal	0	hbm:hadron_coil_starmetal
heater_electric	0	hbm:heater_electric
heater_firebox	0	hbm:heater_firebox
heater_heatex	0	hbm:heater_heatex
heater_oilburner	0	hbm:heater_oilburner
heater_oven	0	hbm:heater_oven
hev_battery	0	hbm:hev_battery_1
icf	0	hbm:icf
icf_component	0	hbm:icf_component
icf_component	1	hbm:icf_component__1
icf_component	2	hbm:icf_component__2
icf_component	3	hbm:icf_component__3
icf_component	4	hbm:icf_component__4
icf_controller	0	hbm:icf_controller
icf_laser_component	0	hbm:icf_laser_component
icf_laser_component	1	hbm:icf_laser_component__1
icf_laser_component	2	hbm:icf_laser_component__2
icf_laser_component	3	hbm:icf_laser_component__3
icf_laser_component	4	hbm:icf_laser_component__4
icf_laser_component	5	hbm:icf_laser_component__5
impact_dirt	0	hbm:impact_dirt
ladder_copper	0	hbm:ladder_copper
ladder_gold	0	hbm:ladder_gold
ladder_steel	0	hbm:ladder_steel
ladder_sturdy	0	hbm:ladder_sturdy
ladder_titanium	0	hbm:ladder_titanium
lamp_demon	0	hbm:lamp_demon
lamp_tritium_blue_off	0	hbm:lamp_tritium_blue_off
lamp_tritium_green_off	0	hbm:lamp_tritium_green_off
lantern	0	hbm:lantern
large_vehicle_door	0	hbm:large_vehicle_door
launch_pad	0	hbm:launch_pad
launch_pad_large	0	hbm:launch_pad_large
launch_pad_rusted	0	hbm:launch_pad_rusted
launch_table	0	hbm:launch_table
leaves_layer	0	hbm:leaves_layer
lightstone	0	hbm:lightstone
lightstone	1	hbm:lightstone__1
lightstone	2	hbm:lightstone__2
lightstone	3	hbm:lightstone__3
lightstone	4	hbm:lightstone__4
lightstone_bricks_stairs	0	hbm:lightstone_bricks_stairs
lightstone_tile_stairs	0	hbm:lightstone_tile_stairs
lox_barrel	0	hbm:lox_barrel
machine_ammo_press	0	hbm:machine_ammo_press
machine_annihilator	0	hbm:machine_annihilator
machine_arc_furnace	0	hbm:machine_arc_furnace
machine_arc_welder	0	hbm:machine_arc_welder
machine_armor_table	0	hbm:machine_armor_table
machine_ashpit	0	hbm:machine_ashpit
machine_assembly_factory	0	hbm:machine_assembly_factory
machine_assembly_machine	0	hbm:machine_assembly_machine
machine_autocrafter	0	hbm:machine_autocrafter
machine_autosaw	0	hbm:machine_autosaw
machine_bat9000	0	hbm:machine_bat9000
machine_battery_redd	0	hbm:machine_battery_redd
machine_battery_socket	0	hbm:machine_battery_socket
machine_bigasstank	0	hbm:machine_bigasstank
machine_blast_furnace	0	hbm:machine_blast_furnace
machine_boiler	0	hbm:machine_boiler
machine_catalytic_cracker	0	hbm:machine_catalytic_cracker
machine_catalytic_reformer	0	hbm:machine_catalytic_reformer
machine_centrifuge	0	hbm:machine_centrifuge
machine_chemical_factory	0	hbm:machine_chemical_factory
machine_chemical_plant	0	hbm:machine_chemical_plant
machine_chungus	0	hbm:machine_chungus
machine_coker	0	hbm:machine_coker
machine_combustion_engine	0	hbm:machine_combustion_engine
machine_compressor	0	hbm:machine_compressor
machine_compressor_compact	0	hbm:machine_compressor_compact
machine_condenser	0	hbm:machine_condenser
machine_condenser_powered	0	hbm:machine_condenser_powered
machine_converter_he_rf	0	hbm:machine_converter_he_rf
machine_converter_rf_he	0	hbm:machine_converter_rf_he
machine_conveyor_press	0	hbm:machine_conveyor_press
machine_crucible	0	hbm:machine_crucible
machine_crystallizer	0	hbm:machine_crystallizer
machine_cyclotron	0	hbm:machine_cyclotron
machine_detector	0	hbm:machine_detector
machine_deuterium_extractor	0	hbm:machine_deuterium_extractor
machine_deuterium_tower	0	hbm:machine_deuterium_tower
machine_diesel	0	hbm:machine_diesel
machine_difurnace_extension	0	hbm:machine_difurnace_extension
machine_difurnace_off	0	hbm:machine_difurnace_off
machine_difurnace_rtg_off	0	hbm:machine_difurnace_rtg_off
machine_drain	0	hbm:machine_drain
machine_electric_furnace_off	0	hbm:machine_electric_furnace_off
machine_electrolyser	0	hbm:machine_electrolyser
machine_epress	0	hbm:machine_epress
machine_excavator	0	hbm:machine_excavator
machine_exposure_chamber	0	hbm:machine_exposure_chamber
machine_fel	0	hbm:machine_fel
machine_flare	0	hbm:machine_flare
machine_fluidtank	0	hbm:machine_fluidtank
machine_forcefield	0	hbm:machine_forcefield
machine_fracking_tower	0	hbm:machine_fracking_tower
machine_fraction_tower	0	hbm:machine_fraction_tower
machine_funnel	0	hbm:machine_funnel
machine_furnace_brick_off	0	hbm:machine_furnace_brick_off
machine_gascent	0	hbm:machine_gascent
machine_hephaestus	0	hbm:machine_hephaestus
machine_hydrotreater	0	hbm:machine_hydrotreater
machine_icf_press	0	hbm:machine_icf_press
machine_industrial_boiler	0	hbm:machine_industrial_boiler
machine_industrial_generator	0	hbm:machine_industrial_generator
machine_industrial_turbine	0	hbm:machine_industrial_turbine
machine_intake	0	hbm:machine_intake
machine_keyforge	0	hbm:machine_keyforge
machine_large_turbine	0	hbm:machine_large_turbine
machine_liquefactor	0	hbm:machine_liquefactor
machine_lpw2	0	hbm:machine_lpw2
machine_microwave	0	hbm:machine_microwave
machine_mining_laser	0	hbm:machine_mining_laser
machine_missile_assembly	0	hbm:machine_missile_assembly
machine_mixer	0	hbm:machine_mixer
machine_orbus	0	hbm:machine_orbus
machine_ore_slopper	0	hbm:machine_ore_slopper
machine_precass	0	hbm:machine_precass
machine_press	0	hbm:machine_press
machine_pumpjack	0	hbm:machine_pumpjack
machine_purex	0	hbm:machine_purex
machine_pyrooven	0	hbm:machine_pyrooven
machine_radar	0	hbm:machine_radar
machine_radar_large	0	hbm:machine_radar_large
machine_radgen	0	hbm:machine_radgen
machine_radiolysis	0	hbm:machine_radiolysis
machine_reactor	0	hbm:machine_reactor
machine_reactor_small	0	hbm:machine_reactor_small
machine_refinery	0	hbm:machine_refinery
machine_rotary_furnace	0	hbm:machine_rotary_furnace
machine_rtg_grey	0	hbm:machine_rtg_grey
machine_satlink	0	hbm:machine_satlink
machine_satlinker	0	hbm:machine_satlinker
machine_sawmill	0	hbm:machine_sawmill
machine_shredder	0	hbm:machine_shredder
machine_silex	0	hbm:machine_silex
machine_siren	0	hbm:machine_siren
machine_solar_boiler	0	hbm:machine_solar_boiler
machine_soldering_station	0	hbm:machine_soldering_station
machine_solidifier	0	hbm:machine_solidifier
machine_steam_engine	0	hbm:machine_steam_engine
machine_stirling	0	hbm:machine_stirling
machine_stirling_creative	0	hbm:machine_stirling_creative
machine_stirling_steel	0	hbm:machine_stirling_steel
machine_storage_drum	0	hbm:machine_storage_drum
machine_strand_caster	0	hbm:machine_strand_caster
machine_teleporter	0	hbm:machine_teleporter
machine_thresher	0	hbm:machine_thresher
machine_tower_large	0	hbm:machine_tower_large
machine_tower_small	0	hbm:machine_tower_small
machine_transformer	0	hbm:machine_transformer
machine_turbine	0	hbm:machine_turbine
machine_turbinegas	0	hbm:machine_turbinegas
machine_turbofan	0	hbm:machine_turbofan
machine_vacuum_distill	0	hbm:machine_vacuum_distill
machine_waste_drum	0	hbm:machine_waste_drum
machine_weapon_table	0	hbm:machine_weapon_table
machine_well	0	hbm:machine_well
machine_wood_burner	0	hbm:machine_wood_burner
machine_zirnox	0	hbm:machine_zirnox
mass_storage	0	hbm:mass_storage
mass_storage	1	hbm:mass_storage__1
mass_storage	2	hbm:mass_storage__2
mass_storage	3	hbm:mass_storage__3
meteor_battery	0	hbm:meteor_battery
meteor_brick	0	hbm:meteor_brick
meteor_brick_chiseled	0	hbm:meteor_brick_chiseled
meteor_brick_cracked	0	hbm:meteor_brick_cracked
meteor_brick_mossy	0	hbm:meteor_brick_mossy
meteor_pillar	0	hbm:meteor_pillar
meteor_polished	0	hbm:meteor_polished
meteor_spawner	0	hbm:meteor_spawner
mine_ap	0	hbm:mine_ap
mine_fat	0	hbm:mine_fat
mine_he	0	hbm:mine_he
mine_naval	0	hbm:mine_naval
mine_shrap	0	hbm:mine_shrap
moon_turf	0	hbm:moon_turf
mush	0	hbm:mush
nuke_boy	0	hbm:nuke_boy
nuke_custom	0	hbm:nuke_custom
nuke_fleija	0	hbm:nuke_fleija
nuke_fstbmb	0	hbm:nuke_fstbmb
nuke_gadget	0	hbm:nuke_gadget
nuke_man	0	hbm:nuke_man
nuke_mike	0	hbm:nuke_mike
nuke_n2	0	hbm:nuke_n2
nuke_prototype	0	hbm:nuke_prototype
nuke_solinium	0	hbm:nuke_solinium
nuke_tsar	0	hbm:nuke_tsar
oil_spill	0	hbm:oil_spill
ore_alexandrite	0	hbm:ore_alexandrite
ore_aluminium	0	hbm:ore_aluminium
ore_asbestos	0	hbm:ore_asbestos
ore_australium	0	hbm:ore_australium
ore_basalt	0	hbm:ore_basalt
ore_basalt	1	hbm:ore_basalt__1
ore_basalt	2	hbm:ore_basalt__2
ore_basalt	3	hbm:ore_basalt__3
ore_basalt	4	hbm:ore_basalt__4
ore_bedrock_oil	0	hbm:ore_bedrock_oil
ore_beryllium	0	hbm:ore_beryllium
ore_cinnebar	0	hbm:ore_cinnebar
ore_cobalt	0	hbm:ore_cobalt
ore_coltan	0	hbm:ore_coltan
ore_copper	0	hbm:ore_copper
ore_depth_borax	0	hbm:ore_depth_borax
ore_depth_cinnebar	0	hbm:ore_depth_cinnebar
ore_depth_nether_neodymium	0	hbm:ore_depth_nether_neodymium
ore_depth_zirconium	0	hbm:ore_depth_zirconium
ore_fluorite	0	hbm:ore_fluorite
ore_gneiss_asbestos	0	hbm:ore_gneiss_asbestos
ore_gneiss_copper	0	hbm:ore_gneiss_copper
ore_gneiss_gas	0	hbm:ore_gneiss_gas
ore_gneiss_gold	0	hbm:ore_gneiss_gold
ore_gneiss_iron	0	hbm:ore_gneiss_iron
ore_gneiss_lithium	0	hbm:ore_gneiss_lithium
ore_gneiss_rare	0	hbm:ore_gneiss_rare
ore_gneiss_schrabidium	0	hbm:ore_gneiss_schrabidium
ore_gneiss_uranium	0	hbm:ore_gneiss_uranium
ore_gneiss_uranium_scorched	0	hbm:ore_gneiss_uranium_scorched
ore_lead	0	hbm:ore_lead
ore_lignite	0	hbm:ore_lignite
ore_meteor	0	hbm:ore_meteor
ore_meteor	1	hbm:ore_meteor__1
ore_meteor	2	hbm:ore_meteor__2
ore_meteor	3	hbm:ore_meteor__3
ore_meteor	4	hbm:ore_meteor__4
ore_nether_coal	0	hbm:ore_nether_coal
ore_nether_cobalt	0	hbm:ore_nether_cobalt
ore_nether_fire	0	hbm:ore_nether_fire
ore_nether_plutonium	0	hbm:ore_nether_plutonium
ore_nether_schrabidium	0	hbm:ore_nether_schrabidium
ore_nether_smoldering	0	hbm:ore_nether_smoldering
ore_nether_sulfur	0	hbm:ore_nether_sulfur
ore_nether_tungsten	0	hbm:ore_nether_tungsten
ore_nether_uranium	0	hbm:ore_nether_uranium
ore_nether_uranium_scorched	0	hbm:ore_nether_uranium_scorched
ore_niter	0	hbm:ore_niter
ore_oil	0	hbm:ore_oil
ore_oil_empty	0	hbm:ore_oil_empty
ore_oil_sand	0	hbm:ore_oil_sand
ore_rare	0	hbm:ore_rare
ore_schrabidium	0	hbm:ore_schrabidium
ore_sellafield_diamond	0	hbm:ore_sellafield_diamond
ore_sellafield_emerald	0	hbm:ore_sellafield_emerald
ore_sellafield_radgem	0	hbm:ore_sellafield_radgem
ore_sellafield_schrabidium	0	hbm:ore_sellafield_schrabidium
ore_sellafield_uranium_scorched	0	hbm:ore_sellafield_uranium_scorched
ore_sulfur	0	hbm:ore_sulfur
ore_tektite_osmiridium	0	hbm:ore_tektite_osmiridium
ore_thorium	0	hbm:ore_thorium
ore_tikite	0	hbm:ore_tikite
ore_titanium	0	hbm:ore_titanium
ore_tungsten	0	hbm:ore_tungsten
ore_uranium	0	hbm:ore_uranium
ore_uranium_scorched	0	hbm:ore_uranium_scorched
ore_volcano	0	hbm:ore_volcano
pa_beamline	0	hbm:pa_beamline
pa_detector	0	hbm:pa_detector
pa_dipole	0	hbm:pa_dipole
pa_quadrupole	0	hbm:pa_quadrupole
pa_rfc	0	hbm:pa_rfc
pa_source	0	hbm:pa_source
part_emitter	0	hbm:part_emitter
pile_block	0	hbm:pile_block
pile_brick	0	hbm:pile_brick
pile_device	0	hbm:pile_device
pile_device	1	hbm:pile_device__1
pile_device	2	hbm:pile_device__2
pink_barrel	0	hbm:pink_barrel
pipe_anchor	0	hbm:pipe_anchor
plant_dead	0	hbm:plant_dead
plant_dead	1	hbm:plant_dead__1
plant_dead	2	hbm:plant_dead__2
plant_dead	3	hbm:plant_dead__3
plant_dead	4	hbm:plant_dead__4
plant_flower	0	hbm:plant_flower
plant_flower	1	hbm:plant_flower__1
plant_flower	2	hbm:plant_flower__2
plant_flower	3	hbm:plant_flower__3
plant_flower	4	hbm:plant_flower__4
plant_flower	5	hbm:plant_flower__5
plant_reeds	0	hbm:plant_reeds
plant_tall	0	hbm:plant_tall
plant_tall	1	hbm:plant_tall__1
plant_tall	2	hbm:plant_tall__2
plant_tall	3	hbm:plant_tall__3
platemetal	0	hbm:platemetal
platemetal	1	hbm:platemetal__1
platemetal	10	hbm:platemetal__10
platemetal	11	hbm:platemetal__11
platemetal	12	hbm:platemetal__12
platemetal	13	hbm:platemetal__13
platemetal	14	hbm:platemetal__14
platemetal	2	hbm:platemetal__2
platemetal	3	hbm:platemetal__3
platemetal	4	hbm:platemetal__4
platemetal	5	hbm:platemetal__5
platemetal	6	hbm:platemetal__6
platemetal	7	hbm:platemetal__7
platemetal	8	hbm:platemetal__8
platemetal	9	hbm:platemetal__9
plushie	1	hbm:plushie__1
plushie	2	hbm:plushie__2
plushie	3	hbm:plushie__3
plushie	4	hbm:plushie__4
pneumatic_storage_access	0	hbm:pneumatic_storage_access
pneumatic_storage_clutter	0	hbm:pneumatic_storage_clutter
pneumatic_storage_exporter	0	hbm:pneumatic_storage_exporter
pneumatic_storage_importer	0	hbm:pneumatic_storage_importer
pneumatic_storage_mono	0	hbm:pneumatic_storage_mono
pneumatic_tube	0	hbm:pneumatic_tube
pneumatic_tube_paintable	0	hbm:pneumatic_tube_paintable
pole_satellite_receiver	0	hbm:pole_satellite_receiver
pole_top	0	hbm:pole_top
press_preheater	0	hbm:press_preheater
pribris	0	hbm:pribris
pribris_burning	0	hbm:pribris_burning
pribris_digamma	0	hbm:pribris_digamma
pribris_radiating	0	hbm:pribris_radiating
pump_electric	0	hbm:pump_electric
pump_steam	0	hbm:pump_steam
pwr_casing	0	hbm:pwr_casing
pwr_channel	0	hbm:pwr_channel
pwr_control	0	hbm:pwr_control
pwr_controller	0	hbm:pwr_controller
pwr_fuel	0	hbm:pwr_fuel_1
pwr_heatex	0	hbm:pwr_heatex
pwr_heatsink	0	hbm:pwr_heatsink
pwr_neutron_source	0	hbm:pwr_neutron_source
pwr_port	0	hbm:pwr_port
pwr_reflector	0	hbm:pwr_reflector
qe_containment	0	hbm:qe_containment
qe_sliding_door	0	hbm:qe_sliding_door
rad_absorber	0	hbm:rad_absorber
rad_absorber	1	hbm:rad_absorber__1
rad_absorber	2	hbm:rad_absorber__2
rad_absorber	3	hbm:rad_absorber__3
radar_screen	0	hbm:radar_screen
radio_autocal	0	hbm:radio_autocal
radio_telex	0	hbm:radio_telex
radio_torch_controller	0	hbm:radio_torch_controller
radio_torch_counter	0	hbm:radio_torch_counter
radio_torch_logic	0	hbm:radio_torch_logic
radio_torch_reader	0	hbm:radio_torch_reader
radio_torch_receiver	0	hbm:radio_torch_receiver
radio_torch_sender	0	hbm:radio_torch_sender
radiobox	0	hbm:radiobox
radiorec	0	hbm:radiorec
rail_booster	0	hbm:rail_booster
rail_highspeed	0	hbm:rail_highspeed
rail_narrow	0	hbm:rail_narrow
rail_wood	0	hbm:rail_wood
rbmk_absorber	0	hbm:rbmk_absorber
rbmk_autoloader	0	hbm:rbmk_autoloader
rbmk_blank	0	hbm:rbmk_blank
rbmk_boiler	0	hbm:rbmk_boiler
rbmk_console	0	hbm:rbmk_console
rbmk_control	0	hbm:rbmk_control
rbmk_control_auto	0	hbm:rbmk_control_auto
rbmk_control_mod	0	hbm:rbmk_control_mod
rbmk_control_reasim	0	hbm:rbmk_control_reasim
rbmk_control_reasim_auto	0	hbm:rbmk_control_reasim_auto
rbmk_cooler	0	hbm:rbmk_cooler
rbmk_crane_console	0	hbm:rbmk_crane_console
rbmk_display	0	hbm:rbmk_display
rbmk_display_blank	0	hbm:rbmk_display_blank
rbmk_gauge	0	hbm:rbmk_gauge
rbmk_graph	0	hbm:rbmk_graph
rbmk_heater	0	hbm:rbmk_heater
rbmk_indicator	0	hbm:rbmk_indicator
rbmk_key_pad	0	hbm:rbmk_key_pad
rbmk_lever	0	hbm:rbmk_lever
rbmk_loader	0	hbm:rbmk_loader
rbmk_moderator	0	hbm:rbmk_moderator
rbmk_numitron	0	hbm:rbmk_numitron
rbmk_outgasser	0	hbm:rbmk_outgasser
rbmk_reflector	0	hbm:rbmk_reflector
rbmk_rod	0	hbm:rbmk_rod
rbmk_rod_mod	0	hbm:rbmk_rod_mod
rbmk_rod_reasim	0	hbm:rbmk_rod_reasim
rbmk_rod_reasim_mod	0	hbm:rbmk_rod_reasim_mod
rbmk_steam_inlet	0	hbm:rbmk_steam_inlet
rbmk_steam_outlet	0	hbm:rbmk_steam_outlet
rbmk_storage	0	hbm:rbmk_storage
rbmk_terminal	0	hbm:rbmk_terminal
rebar	0	hbm:rebar
red_barrel	0	hbm:red_barrel
red_cable	0	hbm:red_cable
red_cable_box	0	hbm:red_cable_box
red_cable_box	1	hbm:red_cable_box__1
red_cable_box	2	hbm:red_cable_box__2
red_cable_box	3	hbm:red_cable_box__3
red_cable_box	4	hbm:red_cable_box__4
red_cable_classic	0	hbm:red_cable_classic
red_cable_gauge	0	hbm:red_cable_gauge
red_cable_paintable	0	hbm:red_cable_paintable
red_connector	0	hbm:red_connector
red_connector_super	0	hbm:red_connector_super
red_pylon	0	hbm:red_pylon
red_pylon_large	0	hbm:red_pylon_large
red_pylon_medium_steel	0	hbm:red_pylon_medium_steel
red_pylon_medium_steel_transformer	0	hbm:red_pylon_medium_steel_transformer
red_pylon_medium_wood	0	hbm:red_pylon_medium_wood
red_pylon_medium_wood_transformer	0	hbm:red_pylon_medium_wood_transformer
red_pylon_steel	0	hbm:red_pylon_steel
red_wire_coated	0	hbm:red_wire_coated
refueler	0	hbm:refueler
reinforced_brick	0	hbm:reinforced_brick
reinforced_brick_stairs	0	hbm:reinforced_brick_stairs
reinforced_ducrete	0	hbm:reinforced_ducrete
reinforced_glass	0	hbm:reinforced_glass
reinforced_glass_pane	0	hbm:reinforced_glass_pane
reinforced_laminate	0	hbm:reinforced_laminate
reinforced_laminate_pane	0	hbm:reinforced_laminate_pane
reinforced_lamp_off	0	hbm:reinforced_lamp_off
reinforced_light	0	hbm:reinforced_light
reinforced_sand	0	hbm:reinforced_sand
reinforced_stone	0	hbm:reinforced_stone
reinforced_stone_stairs	0	hbm:reinforced_stone_stairs
round_airlock_door	0	hbm:round_airlock_door
safe	0	hbm:safe
sand_boron_layer	0	hbm:sand_boron_layer
sand_dirty	0	hbm:sand_dirty
sand_dirty_red	0	hbm:sand_dirty_red
sand_mix	0	hbm:sand_mix
sand_mix	1	hbm:sand_mix__1
sand_mix	2	hbm:sand_mix__2
sand_mix	3	hbm:sand_mix__3
sand_mix	4	hbm:sand_mix__4
sandbags	0	hbm:sandbags
sat_dock	0	hbm:sat_dock
seal_controller	0	hbm:seal_controller
seal_frame	0	hbm:seal_frame
secure_access_door	0	hbm:secure_access_door
sellafield	0	hbm:sellafield
sellafield	1	hbm:sellafield__1
sellafield	2	hbm:sellafield__2
sellafield	3	hbm:sellafield__3
sellafield	4	hbm:sellafield__4
sellafield	5	hbm:sellafield__5
sellafield_bedrock	0	hbm:sellafield_bedrock
sellafield_slaked	0	hbm:sellafield_slaked
semtex	0	hbm:semtex
silo_hatch	0	hbm:silo_hatch
silo_hatch_large	0	hbm:silo_hatch_large
sliding_blast_door	0	hbm:sliding_blast_door
sliding_seal_door	0	hbm:sliding_seal_door
snowglobe	1	hbm:snowglobe__1
snowglobe	2	hbm:snowglobe__2
snowglobe	3	hbm:snowglobe__3
snowglobe	4	hbm:snowglobe__4
snowglobe	5	hbm:snowglobe__5
solar_mirror	0	hbm:solar_mirror
soyuz_capsule	0	hbm:soyuz_capsule
soyuz_launcher	0	hbm:soyuz_launcher
spikes	0	hbm:spikes
spotlight_fluoro	0	hbm:spotlight_fluoro
spotlight_halogen	0	hbm:spotlight_halogen
spotlight_incandescent	0	hbm:spotlight_incandescent
stalactite	0	hbm:stalactite
stalactite	1	hbm:stalactite__1
stalactite	2	hbm:stalactite__2
stalactite	3	hbm:stalactite__3
stalactite	4	hbm:stalactite__4
stalactite	5	hbm:stalactite__5
stalactite	6	hbm:stalactite__6
stalagmite	0	hbm:stalagmite
stalagmite	1	hbm:stalagmite__1
stalagmite	2	hbm:stalagmite__2
stalagmite	3	hbm:stalagmite__3
stalagmite	4	hbm:stalagmite__4
stalagmite	5	hbm:stalagmite__5
stalagmite	6	hbm:stalagmite__6
steel_beam	0	hbm:steel_beam
steel_corner	0	hbm:steel_corner
steel_grate	0	hbm:steel_grate
steel_grate_wide	0	hbm:steel_grate_wide
steel_poles	0	hbm:steel_poles
steel_roof	0	hbm:steel_roof
steel_scaffold	0	hbm:steel_scaffold
steel_scaffold	1	hbm:steel_scaffold__1
steel_scaffold	2	hbm:steel_scaffold__2
steel_scaffold	3	hbm:steel_scaffold__3
steel_wall	0	hbm:steel_wall
stone_biome	0	hbm:stone_biome
stone_biome	1	hbm:stone_biome__1
stone_cracked	0	hbm:stone_cracked
stone_depth	0	hbm:stone_depth
stone_depth_nether	0	hbm:stone_depth_nether
stone_gneiss	0	hbm:stone_gneiss
stone_porous	0	hbm:stone_porous
stone_resource	0	hbm:stone_resource
stone_resource	1	hbm:stone_resource__1
stone_resource	2	hbm:stone_resource__2
stone_resource	3	hbm:stone_resource__3
stone_resource	4	hbm:stone_resource__4
stone_resource	5	hbm:stone_resource__5
stones_slab	0	hbm:stones_slab
stones_slab	1	hbm:stones_slab__1
struct_icf_core	0	hbm:struct_icf_core
struct_launcher	0	hbm:struct_launcher
struct_launcher_core	0	hbm:struct_launcher_core
struct_launcher_core_large	0	hbm:struct_launcher_core_large
struct_scaffold	0	hbm:struct_scaffold
struct_soyuz_core	0	hbm:struct_soyuz_core
struct_torus_core	0	hbm:struct_torus_core
struct_watz_core	0	hbm:struct_watz_core
substation	0	hbm:substation
taint_barrel	0	hbm:taint_barrel
tape_recorder	0	hbm:tape_recorder
tektite	0	hbm:tektite
teleanchor	0	hbm:teleanchor
tesla	0	hbm:tesla
therm_endo	0	hbm:therm_endo
therm_exo	0	hbm:therm_exo
tile_lab	0	hbm:tile_lab
tile_lab_broken	0	hbm:tile_lab_broken
tile_lab_cracked	0	hbm:tile_lab_cracked
tnt_ntm	0	hbm:tnt_ntm
transition_seal	0	hbm:transition_seal
trapdoor_steel	0	hbm:trapdoor_steel
turret_arty	0	hbm:turret_arty
turret_chekhov	0	hbm:turret_chekhov
turret_friendly	0	hbm:turret_friendly
turret_fritz	0	hbm:turret_fritz
turret_himars	0	hbm:turret_himars
turret_howard	0	hbm:turret_howard
turret_howard_damaged	0	hbm:turret_howard_damaged
turret_jeremy	0	hbm:turret_jeremy
turret_maxwell	0	hbm:turret_maxwell
turret_richard	0	hbm:turret_richard
turret_sentry	0	hbm:turret_sentry
turret_sentry_damaged	0	hbm:turret_sentry_damaged
turret_tauon	0	hbm:turret_tauon
vault_door	0	hbm:vault_door
vending_machine	0	hbm:vending_machine
vending_machine	1	hbm:vending_machine__1
vent_chlorine	0	hbm:vent_chlorine
vent_chlorine_seal	0	hbm:vent_chlorine_seal
vent_cloud	0	hbm:vent_cloud
vent_pink_cloud	0	hbm:vent_pink_cloud
vine_phosphor	0	hbm:vine_phosphor
vinyl_tile	0	hbm:vinyl_tile
vinyl_tile	1	hbm:vinyl_tile__1
vitrified_barrel	0	hbm:vitrified_barrel
volcano_core	0	hbm:volcano_core
volcano_core	1	hbm:volcano_core__1
volcano_core	2	hbm:volcano_core__2
volcano_core	3	hbm:volcano_core__3
volcano_core	4	hbm:volcano_core__4
volcano_rad_core	0	hbm:volcano_rad_core
volcano_rad_core	1	hbm:volcano_rad_core__1
volcano_rad_core	2	hbm:volcano_rad_core__2
volcano_rad_core	3	hbm:volcano_rad_core__3
volcano_rad_core	4	hbm:volcano_rad_core__4
waste_earth	0	hbm:waste_earth
waste_leaves	0	hbm:waste_leaves
waste_log	0	hbm:waste_log
waste_mycelium	0	hbm:waste_mycelium
waste_planks	0	hbm:waste_planks
waste_trinitite	0	hbm:waste_trinitite
waste_trinitite_red	0	hbm:waste_trinitite_red
water_door	0	hbm:water_door
watz	0	hbm:watz
watz_cooler	0	hbm:watz_cooler
watz_element	0	hbm:watz_element
watz_end	0	hbm:watz_end
watz_end	1	hbm:watz_end__1
watz_pump	0	hbm:watz_pump
wood_barrier	0	hbm:wood_barrier
wood_structure	0	hbm:wood_structure
wood_structure	1	hbm:wood_structure__1
wood_structure	2	hbm:wood_structure__2
yellow_barrel	0	hbm:yellow_barrel
