asphalt_light	15	0	0
blast_door	0	1	0
block_meteor_molten	11	0	0
block_pu238	5	0	0
boat	0	1	0
bobblehead	0	1	0
bomb_multi	0	1	0
boxcar	0	1	0
brick_jungle_lava	5	0	0
brick_jungle_mystic	5	0	0
brick_jungle_ooze	5	0	0
cargo_door	0	1	0
cargo_elevator	0	1	0
charger	0	1	0
chimney_brick	0	1	0
chimney_industrial	0	1	0
compact_launcher	0	1	0
crashed_bomb	0	1	0
custom_machine	15	0	0
dfc_emitter	0	1	0
dfc_injector	0	1	0
dfc_receiver	0	1	0
dfc_stabilizer	0	1	0
fan	0	1	0
filing_cabinet	0	1	0
fire_door	0	1	0
floodlight	0	1	0
fluid_pump	0	1	0
fraction_spacer	0	1	0
furnace_combination	0	1	0
furnace_iron	0	1	0
furnace_steel	0	1	0
fusion_boiler	0	1	0
fusion_breeder	0	1	0
fusion_collector	0	1	0
fusion_coupler	0	1	0
fusion_klystron	0	1	0
fusion_klystron_creative	0	1	0
fusion_mhdt	0	1	0
fusion_plasma_forge	0	1	0
fusion_torus	0	1	0
geiger	0	1	0
glass_polonium	5	0	0
glass_trinitite	5	0	0
glass_uranium	5	0	0
heater_electric	0	1	0
heater_firebox	0	1	0
heater_heatex	0	1	0
heater_oilburner	0	1	0
heater_oven	0	1	0
hev_battery	10	0	0
icf	0	1	0
lamp_demon	15	1	0
lantern	15	1	0
large_vehicle_door	0	1	0
launch_pad	0	1	0
launch_pad_large	0	1	0
launch_pad_rusted	0	1	0
launch_table	0	1	0
machine_ammo_press	0	1	0
machine_annihilator	0	1	0
machine_arc_furnace	0	1	0
machine_arc_welder	0	1	0
machine_ashpit	0	1	0
machine_assembly_factory	0	1	0
machine_assembly_machine	0	1	0
machine_autosaw	0	1	0
machine_bat9000	0	1	0
machine_battery_redd	0	1	0
machine_battery_socket	0	1	0
machine_bigasstank	0	1	0
machine_blast_furnace	0	1	0
machine_boiler	0	1	0
machine_catalytic_cracker	0	1	0
machine_catalytic_reformer	0	1	0
machine_centrifuge	0	1	0
machine_chemical_factory	0	1	0
machine_chemical_plant	0	1	0
machine_chungus	0	1	0
machine_coker	0	1	0
machine_combustion_engine	0	1	0
machine_compressor	0	1	0
machine_compressor_compact	0	1	0
machine_condenser_powered	0	1	0
machine_conveyor_press	0	1	0
machine_crucible	0	1	0
machine_crystallizer	0	1	0
machine_cyclotron	0	1	0
machine_deuterium_tower	0	1	0
machine_diesel	0	1	0
machine_drain	0	1	0
machine_electrolyser	0	1	0
machine_epress	0	1	0
machine_excavator	0	1	0
machine_exposure_chamber	0	1	0
machine_fel	0	1	0
machine_flare	0	1	0
machine_fluidtank	0	1	0
machine_forcefield	0	1	0
machine_fracking_tower	0	1	0
machine_fraction_tower	0	1	0
machine_gascent	0	1	0
machine_hephaestus	0	1	0
machine_hydrotreater	0	1	0
machine_industrial_boiler	0	1	0
machine_industrial_generator	0	1	0
machine_industrial_turbine	0	1	0
machine_intake	0	1	0
machine_large_turbine	0	1	0
machine_liquefactor	0	1	0
machine_microwave	0	1	0
machine_mining_laser	0	1	0
machine_missile_assembly	0	1	0
machine_mixer	0	1	0
machine_orbus	0	1	0
machine_ore_slopper	0	1	0
machine_precass	0	1	0
machine_press	0	1	0
machine_pumpjack	0	1	0
machine_purex	0	1	0
machine_pyrooven	0	1	0
machine_radar	0	1	0
machine_radar_large	0	1	0
machine_radgen	0	1	0
machine_radiolysis	0	1	0
machine_reactor	0	1	0
machine_reactor_small	0	1	0
machine_refinery	0	1	0
machine_rotary_furnace	0	1	0
machine_satlink	0	1	0
machine_sawmill	0	1	0
machine_silex	0	1	0
machine_solar_boiler	0	1	0
machine_soldering_station	0	1	0
machine_solidifier	0	1	0
machine_steam_engine	0	1	0
machine_stirling	0	1	0
machine_stirling_creative	0	1	0
machine_stirling_steel	0	1	0
machine_storage_drum	0	1	0
machine_strand_caster	0	1	0
machine_thresher	0	1	0
machine_tower_large	0	1	0
machine_tower_small	0	1	0
machine_turbinegas	0	1	0
machine_turbofan	0	1	0
machine_vacuum_distill	0	1	0
machine_well	0	1	0
machine_wood_burner	0	1	0
machine_zirnox	0	1	0
mine_ap	0	1	0
mine_fat	0	1	0
mine_he	0	1	0
mine_naval	0	1	0
mine_shrap	0	1	0
mush	8	0	0
nuke_boy	0	1	0
nuke_custom	0	1	0
nuke_fleija	0	1	0
nuke_fstbmb	0	1	0
nuke_gadget	0	1	0
nuke_man	0	1	0
nuke_mike	0	1	0
nuke_n2	0	1	0
nuke_prototype	0	1	0
nuke_solinium	0	1	0
nuke_tsar	0	1	0
ore_nether_coal	10	0	0
ore_nether_smoldering	15	0	0
ore_volcano	15	0	0
pa_beamline	0	1	0
pa_detector	0	1	0
pa_dipole	0	1	0
pa_quadrupole	0	1	0
pa_rfc	0	1	0
pa_source	0	1	0
pile_device	0	1	0
pipe_anchor	0	1	0
plushie	0	1	0
pump_electric	0	1	0
pump_steam	0	1	0
qe_containment	0	1	0
qe_sliding_door	0	1	0
radar_screen	0	1	0
radio_autocal	0	1	0
radio_telex	0	1	0
rbmk_autoloader	0	1	0
rbmk_console	0	1	0
rbmk_crane_console	0	1	0
red_connector	0	1	0
red_connector_super	0	1	0
red_pylon	0	1	0
red_pylon_large	0	1	0
red_pylon_medium_steel	0	1	0
red_pylon_medium_steel_transformer	0	1	0
red_pylon_medium_wood	0	1	0
red_pylon_medium_wood_transformer	0	1	0
red_pylon_steel	0	1	0
refueler	0	1	0
reinforced_light	15	0	0
round_airlock_door	0	1	0
sat_dock	0	1	0
secure_access_door	0	1	0
silo_hatch	0	1	0
silo_hatch_large	0	1	0
sliding_blast_door	0	1	0
sliding_seal_door	0	1	0
snowglobe	0	1	0
solar_mirror	0	1	0
soyuz_capsule	0	1	0
struct_icf_core	15	0	0
struct_torus_core	15	0	0
struct_watz_core	15	0	0
substation	0	1	0
tesla	0	1	0
turret_arty	0	1	0
turret_chekhov	0	1	0
turret_friendly	0	1	0
turret_fritz	0	1	0
turret_himars	0	1	0
turret_howard	0	1	0
turret_howard_damaged	0	1	0
turret_jeremy	0	1	0
turret_maxwell	0	1	0
turret_richard	0	1	0
turret_sentry	0	1	0
turret_tauon	0	1	0
vault_door	0	1	0
vending_machine	0	1	0
waste_mycelium	15	0	0
water_door	0	1	0
watz	0	1	0
watz_pump	0	1	0
