acid_block	0	hbm:acid_block
balefire	0	hbm:balefire
barrel_corroded	0	hbm:barrel_corroded
barricade	0	hbm:barricade
block_graphite_detector	0	hbm:block_graphite_detector
block_graphite_drilled	0	hbm:block_graphite_drilled
block_graphite_fuel	0	hbm:block_graphite_fuel
block_graphite_lithium	0	hbm:block_graphite_lithium
block_graphite_plutonium	0	hbm:block_graphite_plutonium
block_graphite_rod	0	hbm:block_graphite_rod
block_graphite_source	0	hbm:block_graphite_source
block_graphite_tritium	0	hbm:block_graphite_tritium
brick_double_slab	0	hbm:brick_double_slab
brick_forgotten	0	hbm:brick_forgotten
brick_forgotten_lock	0	hbm:brick_forgotten_lock
brick_red	0	hbm:brick_red
capacitor_bus	0	hbm:capacitor_bus
capacitor_gold	0	hbm:capacitor_gold
capacitor_niobium	0	hbm:capacitor_niobium
capacitor_schrabidate	0	hbm:capacitor_schrabidate
capacitor_tantalium	0	hbm:capacitor_tantalium
concrete_brick_double_slab	0	hbm:concrete_brick_double_slab
concrete_double_slab	0	hbm:concrete_double_slab
conveyor	0	hbm:conveyor
conveyor_chute	0	hbm:conveyor_chute
conveyor_double	0	hbm:conveyor_double
conveyor_express	0	hbm:conveyor_express
conveyor_lift	0	hbm:conveyor_lift
conveyor_triple	0	hbm:conveyor_triple
corium_block	0	hbm:corium_block
crate_red	0	hbm:crate_red
crystal_hardened	0	hbm:crystal_hardened
crystal_pulsar	0	hbm:crystal_pulsar
crystal_virus	0	hbm:crystal_virus
deco_loot	0	hbm:deco_loot
digamma_matter	0	hbm:digamma_matter
dummy_block_blast	0	hbm:dummy_block_blast
dummy_plate_cargo	0	hbm:dummy_plate_cargo
dummy_plate_compact_launcher	0	hbm:dummy_plate_compact_launcher
dummy_plate_launch_table	0	hbm:dummy_plate_launch_table
dummy_port_compact_launcher	0	hbm:dummy_port_compact_launcher
dummy_port_launch_table	0	hbm:dummy_port_launch_table
dungeon_spawner	0	hbm:dungeon_spawner
event_tester	0	hbm:event_tester
field_disturber	0	hbm:field_disturber
fire_digamma	0	hbm:fire_digamma
floodlight_beam	0	hbm:floodlight_beam
fusion_hatch	0	hbm:fusion_hatch
fusion_heater	0	hbm:fusion_heater
geysir_chlorine	0	hbm:geysir_chlorine
geysir_nether	0	hbm:geysir_nether
icf_block	0	hbm:icf_block
lamp_tritium_blue_on	0	hbm:lamp_tritium_blue_on
lamp_tritium_green_on	0	hbm:lamp_tritium_green_on
lantern_behemoth	0	hbm:lantern_behemoth
logic_block	0	hbm:logic_block
logic_block_invis	0	hbm:logic_block_invis
machine_battery	0	hbm:machine_battery
machine_battery_potato	0	hbm:machine_battery_potato
machine_boiler_off	0	hbm:machine_boiler_off
machine_controller	0	hbm:machine_controller
machine_difurnace_on	0	hbm:machine_difurnace_on
machine_difurnace_rtg_on	0	hbm:machine_difurnace_rtg_on
machine_dineutronium_battery	0	hbm:machine_dineutronium_battery
machine_electric_furnace_on	0	hbm:machine_electric_furnace_on
machine_fensu	0	hbm:machine_fensu
machine_furnace_brick_on	0	hbm:machine_furnace_brick_on
machine_lithium_battery	0	hbm:machine_lithium_battery
machine_puf6_tank	0	hbm:machine_puf6_tank
machine_rtg_furnace_off	0	hbm:machine_rtg_furnace_off
machine_rtg_furnace_on	0	hbm:machine_rtg_furnace_on
machine_schrabidium_battery	0	hbm:machine_schrabidium_battery
machine_uf6_tank	0	hbm:machine_uf6_tank
mud_block	0	hbm:mud_block
mush_block	0	hbm:mush_block
mush_block_stem	0	hbm:mush_block_stem
ntm_dirt	0	hbm:ntm_dirt
obj_tester	0	hbm:obj_tester
oil_pipe	0	hbm:oil_pipe
pedestal	0	hbm:pedestal
pink_double_slab	0	hbm:pink_double_slab
pink_log	0	hbm:pink_log
pink_planks	0	hbm:pink_planks
pink_slab	0	hbm:pink_slab
pink_stairs	0	hbm:pink_stairs
piston_inserter	0	hbm:piston_inserter
pwr_block	0	hbm:pwr_block
rad_lava_block	0	hbm:rad_lava_block
rail_large_buffer	0	hbm:rail_large_buffer
rail_large_curve	0	hbm:rail_large_curve
rail_large_curve_7	0	hbm:rail_large_curve_7
rail_large_curve_9	0	hbm:rail_large_curve_9
rail_large_ramp	0	hbm:rail_large_ramp
rail_large_straight	0	hbm:rail_large_straight
rail_large_straight_short	0	hbm:rail_large_straight_short
rail_large_switch	0	hbm:rail_large_switch
rail_large_switch_flipped	0	hbm:rail_large_switch_flipped
rail_narrow_curve	0	hbm:rail_narrow_curve
rail_narrow_straight	0	hbm:rail_narrow_straight
reinforced_lamp_on	0	hbm:reinforced_lamp_on
schrabidic_block	0	hbm:schrabidic_block
seal_hatch	0	hbm:seal_hatch
skeleton_holder	0	hbm:skeleton_holder
slag	0	hbm:slag
spotlight_beam	0	hbm:spotlight_beam
spotlight_fluoro_off	0	hbm:spotlight_fluoro_off
spotlight_halogen_off	0	hbm:spotlight_halogen_off
spotlight_incandescent_off	0	hbm:spotlight_incandescent_off
stone_keyhole	0	hbm:stone_keyhole
stone_keyhole_meta	0	hbm:stone_keyhole_meta
stones_double_slab	0	hbm:stones_double_slab
structure_anchor	0	hbm:structure_anchor
sulfuric_acid_block	0	hbm:sulfuric_acid_block
taint	0	hbm:taint
toxic_block	0	hbm:toxic_block
volcanic_lava_block	0	hbm:volcanic_lava_block
wand_air	0	hbm:wand_air
wand_jigsaw	0	hbm:wand_jigsaw
wand_logic	0	hbm:wand_logic
wand_loot	0	hbm:wand_loot
wand_structure	0	hbm:wand_structure
wand_tandem	0	hbm:wand_tandem
zirnox_destroyed	0	hbm:zirnox_destroyed
