achievement_icon	0	hbm:achievement_icon
ammo_debug	0	hbm:ammo_debug
ammo_secret	0	hbm:ammo_secret
ams_core_thingy	0	hbm:ams_core_thingy
apple_euphemium	0	hbm:apple_euphemium
beta	0	hbm:beta
bismuth_tool	0	hbm:bismuth_tool
bobmazon_hidden	0	hbm:bobmazon_hidden
book_lemegeton	0	hbm:book_lemegeton
book_lore	0	hbm:book_lore
book_of_	0	hbm:book_of_
book_secret	0	hbm:book_secret
bottle2_empty	0	hbm:bottle2_empty
bottle_empty	0	hbm:bottle_empty
broken_item	0	hbm:broken_item
burnt_bark	0	hbm:burnt_bark
cape_gasmask	0	hbm:cape_gasmask
cape_hidden	0	hbm:cape_hidden
cape_radiation	0	hbm:cape_radiation
cape_schrabidium	0	hbm:cape_schrabidium
card_aos	0	hbm:card_aos
card_qos	0	hbm:card_qos
cbt_device	0	hbm:cbt_device
chlorine1	0	hbm:chlorine1
chlorine2	0	hbm:chlorine2
chlorine3	0	hbm:chlorine3
chlorine4	0	hbm:chlorine4
chlorine5	0	hbm:chlorine5
chlorine6	0	hbm:chlorine6
chlorine7	0	hbm:chlorine7
chlorine8	0	hbm:chlorine8
circuit_star	0	hbm:circuit_star
circuit_star_component	0	hbm:circuit_star_component
circuit_star_piece	0	hbm:circuit_star_piece
clay_tablet	0	hbm:clay_tablet
cloud1	0	hbm:cloud1
cloud2	0	hbm:cloud2
cloud3	0	hbm:cloud3
cloud4	0	hbm:cloud4
cloud5	0	hbm:cloud5
cloud6	0	hbm:cloud6
cloud7	0	hbm:cloud7
cloud8	0	hbm:cloud8
coal_eternal	0	hbm:coal_eternal
door_red	0	hbm:door_red
euphemium_boots	0	hbm:euphemium_boots
euphemium_helmet	0	hbm:euphemium_helmet
euphemium_kit	0	hbm:euphemium_kit
euphemium_legs	0	hbm:euphemium_legs
euphemium_plate	0	hbm:euphemium_plate
fluid_icon	0	hbm:fluid_icon
gun_aberrator	0	hbm:gun_aberrator
gun_aberrator_eott	0	hbm:gun_aberrator_eott
gun_amat_penance	0	hbm:gun_amat_penance
gun_amat_subtlety	0	hbm:gun_amat_subtlety
gun_autoshotgun_heretic	0	hbm:gun_autoshotgun_heretic
gun_autoshotgun_sexy	0	hbm:gun_autoshotgun_sexy
gun_autoshotgun_shredder	0	hbm:gun_autoshotgun_shredder
gun_debug	0	hbm:gun_debug
gun_double_barrel_sacred_dragon	0	hbm:gun_double_barrel_sacred_dragon
gun_flamer_daybreaker	0	hbm:gun_flamer_daybreaker
gun_flamer_topaz	0	hbm:gun_flamer_topaz
gun_folly	0	hbm:gun_folly
gun_g3_zebra	0	hbm:gun_g3_zebra
gun_hangman	0	hbm:gun_hangman
gun_heavy_revolver_lilmac	0	hbm:gun_heavy_revolver_lilmac
gun_heavy_revolver_protege	0	hbm:gun_heavy_revolver_protege
gun_henry_lincoln	0	hbm:gun_henry_lincoln
gun_laser_pistol_morning_glory	0	hbm:gun_laser_pistol_morning_glory
gun_laser_pistol_pew_pew	0	hbm:gun_laser_pistol_pew_pew
gun_light_revolver_atlas	0	hbm:gun_light_revolver_atlas
gun_light_revolver_dani	0	hbm:gun_light_revolver_dani
gun_maresleg_akimbo	0	hbm:gun_maresleg_akimbo
gun_maresleg_broken	0	hbm:gun_maresleg_broken
gun_mas36	0	hbm:gun_mas36
gun_minigun_dual	0	hbm:gun_minigun_dual
gun_minigun_lacunae	0	hbm:gun_minigun_lacunae
gun_star_f_akimbo	0	hbm:gun_star_f_akimbo
gun_uzi_akimbo	0	hbm:gun_uzi_akimbo
holotape_damaged	0	hbm:holotape_damaged
holotape_image	0	hbm:holotape_image
ingot_metal	0	hbm:ingot_metal
ingot_u238m2	0	hbm:ingot_u238m2
item_secret	0	hbm:item_secret
key_red	0	hbm:key_red
key_red_cracked	0	hbm:key_red_cracked
kit_custom	0	hbm:kit_custom
mech_key	0	hbm:mech_key
memory	0	hbm:memory
missile_test	0	hbm:missile_test
mp_fuselage_10_long_kerosene_dash	0	hbm:mp_fuselage_10_long_kerosene_dash
mp_fuselage_15_kerosene_pip	0	hbm:mp_fuselage_15_kerosene_pip
mysteryshovel	0	hbm:mysteryshovel
nothing	0	hbm:nothing
orange1	0	hbm:orange1
orange2	0	hbm:orange2
orange3	0	hbm:orange3
orange4	0	hbm:orange4
orange5	0	hbm:orange5
orange6	0	hbm:orange6
orange7	0	hbm:orange7
orange8	0	hbm:orange8
ore_bedrock	0	hbm:ore_bedrock
ore_byproduct	0	hbm:ore_byproduct
ore_centrifuged	0	hbm:ore_centrifuged
ore_cleaned	0	hbm:ore_cleaned
ore_deepcleaned	0	hbm:ore_deepcleaned
ore_enriched	0	hbm:ore_enriched
ore_nitrated	0	hbm:ore_nitrated
ore_nitrocrystalline	0	hbm:ore_nitrocrystalline
ore_purified	0	hbm:ore_purified
ore_seared	0	hbm:ore_seared
ore_separated	0	hbm:ore_separated
padlock_unbreakable	0	hbm:padlock_unbreakable
page_of_	0	hbm:page_of_
pc1	0	hbm:pc1
pc2	0	hbm:pc2
pc3	0	hbm:pc3
pc4	0	hbm:pc4
pc5	0	hbm:pc5
pc6	0	hbm:pc6
pc7	0	hbm:pc7
pc8	0	hbm:pc8
pile_rod_boron	0	hbm:pile_rod_boron
pile_rod_detector	0	hbm:pile_rod_detector
pile_rod_lithium	0	hbm:pile_rod_lithium
pile_rod_plutonium	0	hbm:pile_rod_plutonium
pile_rod_pu239	0	hbm:pile_rod_pu239
pile_rod_source	0	hbm:pile_rod_source
pile_rod_uranium	0	hbm:pile_rod_uranium
plate_fuel_mox	0	hbm:plate_fuel_mox
plate_fuel_pu238be	0	hbm:plate_fuel_pu238be
plate_fuel_pu239	0	hbm:plate_fuel_pu239
plate_fuel_ra226be	0	hbm:plate_fuel_ra226be
plate_fuel_sa326	0	hbm:plate_fuel_sa326
plate_fuel_u233	0	hbm:plate_fuel_u233
plate_fuel_u235	0	hbm:plate_fuel_u235
record_glass	0	hbm:record_glass
sat_foeq	0	hbm:sat_foeq
sat_laser	0	hbm:sat_laser
sat_lunar_miner	0	hbm:sat_lunar_miner
sat_mapper	0	hbm:sat_mapper
sat_miner	0	hbm:sat_miner
sat_radar	0	hbm:sat_radar
sat_resonator	0	hbm:sat_resonator
sat_scanner	0	hbm:sat_scanner
scrap_plastic	0	hbm:scrap_plastic
stamp_book	0	hbm:stamp_book
structure_pattern	0	hbm:structure_pattern
structure_randomized	0	hbm:structure_randomized
structure_randomly	0	hbm:structure_randomly
structure_single	0	hbm:structure_single
structure_solid	0	hbm:structure_solid
syringe_mkunicorn	0	hbm:syringe_mkunicorn
template_folder	0	hbm:template_folder
train	0	hbm:train
watch	0	hbm:watch
weapon_mod_test	0	hbm:weapon_mod_test
