ball_resin	0	hbm:ball_resin	Latex
ball_tatb	0	hbm:ball_tatb	AnyHighexplosive
ball_tnt	0	hbm:ball_tnt	AnyHighexplosive
ballistite	0	hbm:ballistite	AnyPropellant
bedrock_ore_fragment	1	hbm:bedrock_ore_fragment_redstone	Redstone
bedrock_ore_fragment	1100	hbm:bedrock_ore_fragment_sodium	Sodium
bedrock_ore_fragment	1101	hbm:bedrock_ore_fragment_sodalite	Sodalite
bedrock_ore_fragment	1300	hbm:bedrock_ore_fragment_aluminum	Aluminum
bedrock_ore_fragment	1400	hbm:bedrock_ore_fragment_silicon	Silicon
bedrock_ore_fragment	1401	hbm:bedrock_ore_fragment_asbestos	Asbestos
bedrock_ore_fragment	1430	hbm:bedrock_ore_fragment_diamond	Diamond
bedrock_ore_fragment	1500	hbm:bedrock_ore_fragment_redphosphorus	RedPhosphorus
bedrock_ore_fragment	1600	hbm:bedrock_ore_fragment_sulfur	Sulfur
bedrock_ore_fragment	1701	hbm:bedrock_ore_fragment_chlorocalcite	Chlorocalcite
bedrock_ore_fragment	1702	hbm:bedrock_ore_fragment_molysite	Molysite
bedrock_ore_fragment	20000	hbm:bedrock_ore_fragment_rareearth	RareEarth
bedrock_ore_fragment	2200	hbm:bedrock_ore_fragment_titanium	Titanium
bedrock_ore_fragment	2600	hbm:bedrock_ore_fragment_iron	Iron
bedrock_ore_fragment	2700	hbm:bedrock_ore_fragment_cobalt	Cobalt
bedrock_ore_fragment	2900	hbm:bedrock_ore_fragment_copper	Copper
bedrock_ore_fragment	2902	hbm:bedrock_ore_fragment_bauxite	Bauxite
bedrock_ore_fragment	2903	hbm:bedrock_ore_fragment_cryolite	Cryolite
bedrock_ore_fragment	300	hbm:bedrock_ore_fragment_lithium	Lithium
bedrock_ore_fragment	3800	hbm:bedrock_ore_fragment_strontium	Strontium
bedrock_ore_fragment	400	hbm:bedrock_ore_fragment_beryllium	Beryllium
bedrock_ore_fragment	4000	hbm:bedrock_ore_fragment_zirconium	Zirconium
bedrock_ore_fragment	401	hbm:bedrock_ore_fragment_emerald	Emerald
bedrock_ore_fragment	4100	hbm:bedrock_ore_fragment_niobium	Niobium
bedrock_ore_fragment	4399	hbm:bedrock_ore_fragment_technetium99	Technetium99
bedrock_ore_fragment	500	hbm:bedrock_ore_fragment_boron	Boron
bedrock_ore_fragment	501	hbm:bedrock_ore_fragment_borax	Borax
bedrock_ore_fragment	5700	hbm:bedrock_ore_fragment_lanthanum	Lanthanum
bedrock_ore_fragment	600	hbm:bedrock_ore_fragment_coal	Coal
bedrock_ore_fragment	6000	hbm:bedrock_ore_fragment_neodymium	Neodymium
bedrock_ore_fragment	601	hbm:bedrock_ore_fragment_lignite	Lignite
bedrock_ore_fragment	700	hbm:bedrock_ore_fragment_saltpeter	Saltpeter
bedrock_ore_fragment	7300	hbm:bedrock_ore_fragment_tantalum	Tantalum
bedrock_ore_fragment	7400	hbm:bedrock_ore_fragment_tungsten	Tungsten
bedrock_ore_fragment	7900	hbm:bedrock_ore_fragment_gold	Gold
bedrock_ore_fragment	8001	hbm:bedrock_ore_fragment_cinnabar	Cinnabar
bedrock_ore_fragment	8200	hbm:bedrock_ore_fragment_lead	Lead
bedrock_ore_fragment	8300	hbm:bedrock_ore_fragment_bismuth	Bismuth
bedrock_ore_fragment	8410	hbm:bedrock_ore_fragment_polonium210	Polonium210
bedrock_ore_fragment	8826	hbm:bedrock_ore_fragment_radium226	Radium226
bedrock_ore_fragment	900	hbm:bedrock_ore_fragment_fluorite	Fluorite
bedrock_ore_fragment	9032	hbm:bedrock_ore_fragment_thorium232	Thorium232
bedrock_ore_fragment	9200	hbm:bedrock_ore_fragment_uranium	Uranium
bedrock_ore_fragment	9238	hbm:bedrock_ore_fragment_uranium238	Uranium238
billet_actinium	0	hbm:billet_actinium	Actinium227
billet_am241	0	hbm:billet_am241	Americium241
billet_am242	0	hbm:billet_am242	Americium242
billet_am_mix	0	hbm:billet_am_mix	AmericiumRG
billet_au198	0	hbm:billet_au198	Gold198
billet_australium	0	hbm:billet_australium	Australium
billet_beryllium	0	hbm:billet_beryllium	Beryllium
billet_bismuth	0	hbm:billet_bismuth	Bismuth
billet_co60	0	hbm:billet_co60	Cobalt60
billet_cobalt	0	hbm:billet_cobalt	Cobalt
billet_gh336	0	hbm:billet_gh336	Ghiorsium336
billet_neptunium	0	hbm:billet_neptunium	Neptunium237
billet_pb209	0	hbm:billet_pb209	Lead209
billet_plutonium	0	hbm:billet_plutonium	Plutonium
billet_polonium	0	hbm:billet_polonium	Polonium210
billet_pu238	0	hbm:billet_pu238	Plutonium238
billet_pu239	0	hbm:billet_pu239	Plutonium239
billet_pu240	0	hbm:billet_pu240	Plutonium240
billet_pu241	0	hbm:billet_pu241	Plutonium241
billet_pu_mix	0	hbm:billet_pu_mix	PlutoniumRG
billet_ra226	0	hbm:billet_ra226	Radium226
billet_schrabidium	0	hbm:billet_schrabidium	Schrabidium
billet_silicon	0	hbm:billet_silicon	Silicon
billet_solinium	0	hbm:billet_solinium	Solinium
billet_sr90	0	hbm:billet_sr90	Strontium90
billet_technetium	0	hbm:billet_technetium	Technetium99
billet_th232	0	hbm:billet_th232	Thorium232
billet_u233	0	hbm:billet_u233	Uranium233
billet_u235	0	hbm:billet_u235	Uranium235
billet_u238	0	hbm:billet_u238	Uranium238
billet_uranium	0	hbm:billet_uranium	Uranium
billet_zirconium	0	hbm:billet_zirconium	Zirconium
bolt	30	hbm:bolt_steel	Steel
bolt	33	hbm:bolt_durasteel	DuraSteel
bolt	7400	hbm:bolt_tungsten	Tungsten
bolt	8200	hbm:bolt_lead	Lead
cinnebar	0	hbm:cinnebar	Cinnabar
cordite	0	hbm:cordite	AnyPropellant
fluorite	0	hbm:fluorite	Fluorite
fragment_boron	0	hbm:fragment_boron	Boron
fragment_cerium	0	hbm:fragment_cerium	Cerium
fragment_cobalt	0	hbm:fragment_cobalt	Cobalt
fragment_coltan	0	hbm:fragment_coltan	Coltan
fragment_lanthanium	0	hbm:fragment_lanthanium	Lanthanum
fragment_neodymium	0	hbm:fragment_neodymium	Neodymium
fragment_niobium	0	hbm:fragment_niobium	Niobium
gem_sodalite	0	hbm:gem_sodalite	Sodalite
gem_tantalium	0	hbm:gem_tantalium	Tantalum
gem_volcanic	0	hbm:gem_volcanic	Volcanic
ingot_actinium	0	hbm:ingot_actinium	Actinium227
ingot_aluminium	0	hbm:ingot_aluminium	Aluminum
ingot_am241	0	hbm:ingot_am241	Americium241
ingot_am242	0	hbm:ingot_am242	Americium242
ingot_am_mix	0	hbm:ingot_am_mix	AmericiumRG
ingot_arsenic	0	hbm:ingot_arsenic	Arsenic
ingot_arsenic_bronze	0	hbm:ingot_arsenic_bronze	ArsenicBronze
ingot_asbestos	0	hbm:ingot_asbestos	Asbestos
ingot_au198	0	hbm:ingot_au198	Gold198
ingot_australium	0	hbm:ingot_australium	Australium
ingot_bakelite	0	hbm:ingot_bakelite	Bakelite
ingot_beryllium	0	hbm:ingot_beryllium	Beryllium
ingot_biorubber	0	hbm:ingot_biorubber	Latex
ingot_bismuth	0	hbm:ingot_bismuth	Bismuth
ingot_bismuth_bronze	0	hbm:ingot_bismuth_bronze	BismuthBronze
ingot_boron	0	hbm:ingot_boron	Boron
ingot_bscco	0	hbm:ingot_bscco	BSCCO
ingot_c4	0	hbm:ingot_c4	AnyPlasticexplosive
ingot_cadmium	0	hbm:ingot_cadmium	Cadmium
ingot_calcium	0	hbm:ingot_calcium	Calcium
ingot_cdalloy	0	hbm:ingot_cdalloy	CdAlloy
ingot_co60	0	hbm:ingot_co60	Cobalt60
ingot_cobalt	0	hbm:ingot_cobalt	Cobalt
ingot_combine_steel	0	hbm:ingot_combine_steel	CMBSteel
ingot_copper	0	hbm:ingot_copper	Copper
ingot_desh	0	hbm:ingot_desh	WorkersAlloy
ingot_dineutronium	0	hbm:ingot_dineutronium	Dineutronium
ingot_dura_steel	0	hbm:ingot_dura_steel	DuraSteel
ingot_euphemium	0	hbm:ingot_euphemium	Euphemium
ingot_ferrouranium	0	hbm:ingot_ferrouranium	Ferrouranium
ingot_fiberglass	0	hbm:ingot_fiberglass	Fiberglass
ingot_gh336	0	hbm:ingot_gh336	Ghiorsium336
ingot_graphite	0	hbm:ingot_graphite	Graphite
ingot_gunmetal	0	hbm:ingot_gunmetal	GunMetal
ingot_lanthanium	0	hbm:ingot_lanthanium	Lanthanum
ingot_lead	0	hbm:ingot_lead	Lead
ingot_magnetized_tungsten	0	hbm:ingot_magnetized_tungsten	MagnetizedTungsten
ingot_mud	0	hbm:ingot_mud	WatzMud
ingot_neptunium	0	hbm:ingot_neptunium	Neptunium237
ingot_niobium	0	hbm:ingot_niobium	Niobium
ingot_osmiridium	0	hbm:ingot_osmiridium	Osmiridium
ingot_pb209	0	hbm:ingot_pb209	Lead209
ingot_pc	0	hbm:ingot_pc	Polycarbonate
ingot_phosphorus	0	hbm:ingot_phosphorus	WhitePhosphorus
ingot_plutonium	0	hbm:ingot_plutonium	Plutonium
ingot_polonium	0	hbm:ingot_polonium	Polonium210
ingot_polymer	0	hbm:ingot_polymer	Polymer
ingot_pu238	0	hbm:ingot_pu238	Plutonium238
ingot_pu239	0	hbm:ingot_pu239	Plutonium239
ingot_pu240	0	hbm:ingot_pu240	Plutonium240
ingot_pu241	0	hbm:ingot_pu241	Plutonium241
ingot_pu_mix	0	hbm:ingot_pu_mix	PlutoniumRG
ingot_pvc	0	hbm:ingot_pvc	PVC
ingot_ra226	0	hbm:ingot_ra226	Radium226
ingot_raw	1	hbm:ingot_raw_redstone	Redstone
ingot_raw	1100	hbm:ingot_raw_sodium	Sodium
ingot_raw	3800	hbm:ingot_raw_strontium	Strontium
ingot_raw	41	hbm:ingot_raw_slag	Slag
ingot_raw	501	hbm:ingot_raw_borax	Borax
ingot_raw	6000	hbm:ingot_raw_neodymium	Neodymium
ingot_red_copper	0	hbm:ingot_red_copper	Mingrade
ingot_rubber	0	hbm:ingot_rubber	Rubber
ingot_saturnite	0	hbm:ingot_saturnite	Saturnite
ingot_schrabidate	0	hbm:ingot_schrabidate	Schrabidate
ingot_schrabidium	0	hbm:ingot_schrabidium	Schrabidium
ingot_schraranium	0	hbm:ingot_schraranium	Schraranium
ingot_semtex	0	hbm:ingot_semtex	AnyPlasticexplosive
ingot_silicon	0	hbm:ingot_silicon	Silicon
ingot_solinium	0	hbm:ingot_solinium	Solinium
ingot_sr90	0	hbm:ingot_sr90	Strontium90
ingot_starmetal	0	hbm:ingot_starmetal	Starmetal
ingot_steel	0	hbm:ingot_steel	Steel
ingot_tantalium	0	hbm:ingot_tantalium	Tantalum
ingot_tcalloy	0	hbm:ingot_tcalloy	TcAlloy
ingot_technetium	0	hbm:ingot_technetium	Technetium99
ingot_th232	0	hbm:ingot_th232	Thorium232
ingot_titanium	0	hbm:ingot_titanium	Titanium
ingot_tungsten	0	hbm:ingot_tungsten	Tungsten
ingot_tungsten_carbide	0	hbm:ingot_tungsten_carbide	TungstenCarbide
ingot_u233	0	hbm:ingot_u233	Uranium233
ingot_u235	0	hbm:ingot_u235	Uranium235
ingot_u238	0	hbm:ingot_u238	Uranium238
ingot_uranium	0	hbm:ingot_uranium	Uranium
ingot_weaponsteel	0	hbm:ingot_weaponsteel	WeaponSteel
ingot_zirconium	0	hbm:ingot_zirconium	Zirconium
lignite	0	hbm:lignite	Lignite
lithium	0	hbm:lithium	Lithium
niter	0	hbm:niter	Saltpeter
nugget_actinium	0	hbm:nugget_actinium	Actinium227
nugget_am241	0	hbm:nugget_am241	Americium241
nugget_am242	0	hbm:nugget_am242	Americium242
nugget_am_mix	0	hbm:nugget_am_mix	AmericiumRG
nugget_arsenic	0	hbm:nugget_arsenic	Arsenic
nugget_au198	0	hbm:nugget_au198	Gold198
nugget_australium	0	hbm:nugget_australium	Australium
nugget_beryllium	0	hbm:nugget_beryllium	Beryllium
nugget_bismuth	0	hbm:nugget_bismuth	Bismuth
nugget_co60	0	hbm:nugget_co60	Cobalt60
nugget_cobalt	0	hbm:nugget_cobalt	Cobalt
nugget_desh	0	hbm:nugget_desh	WorkersAlloy
nugget_dineutronium	0	hbm:nugget_dineutronium	Dineutronium
nugget_euphemium	0	hbm:nugget_euphemium	Euphemium
nugget_gh336	0	hbm:nugget_gh336	Ghiorsium336
nugget_lead	0	hbm:nugget_lead	Lead
nugget_neptunium	0	hbm:nugget_neptunium	Neptunium237
nugget_niobium	0	hbm:nugget_niobium	Niobium
nugget_osmiridium	0	hbm:nugget_osmiridium	Osmiridium
nugget_pb209	0	hbm:nugget_pb209	Lead209
nugget_plutonium	0	hbm:nugget_plutonium	Plutonium
nugget_polonium	0	hbm:nugget_polonium	Polonium210
nugget_pu238	0	hbm:nugget_pu238	Plutonium238
nugget_pu239	0	hbm:nugget_pu239	Plutonium239
nugget_pu240	0	hbm:nugget_pu240	Plutonium240
nugget_pu241	0	hbm:nugget_pu241	Plutonium241
nugget_pu_mix	0	hbm:nugget_pu_mix	PlutoniumRG
nugget_ra226	0	hbm:nugget_ra226	Radium226
nugget_schrabidium	0	hbm:nugget_schrabidium	Schrabidium
nugget_silicon	0	hbm:nugget_silicon	Silicon
nugget_solinium	0	hbm:nugget_solinium	Solinium
nugget_sr90	0	hbm:nugget_sr90	Strontium90
nugget_tantalium	0	hbm:nugget_tantalium	Tantalum
nugget_technetium	0	hbm:nugget_technetium	Technetium99
nugget_th232	0	hbm:nugget_th232	Thorium232
nugget_u233	0	hbm:nugget_u233	Uranium233
nugget_u235	0	hbm:nugget_u235	Uranium235
nugget_u238	0	hbm:nugget_u238	Uranium238
nugget_uranium	0	hbm:nugget_uranium	Uranium
nugget_zirconium	0	hbm:nugget_zirconium	Zirconium
part_barrel_heavy	30	hbm:part_barrel_heavy_steel	Steel
part_barrel_heavy	33	hbm:part_barrel_heavy_durasteel	DuraSteel
part_barrel_heavy	34	hbm:part_barrel_heavy_saturnite	Saturnite
part_barrel_heavy	36	hbm:part_barrel_heavy_tcalloy	TcAlloy
part_barrel_heavy	37	hbm:part_barrel_heavy_ferrouranium	Ferrouranium
part_barrel_heavy	42	hbm:part_barrel_heavy_workersalloy	WorkersAlloy
part_barrel_heavy	43	hbm:part_barrel_heavy_cdalloy	CdAlloy
part_barrel_heavy	49	hbm:part_barrel_heavy_gunmetal	GunMetal
part_barrel_heavy	50	hbm:part_barrel_heavy_weaponsteel	WeaponSteel
part_barrel_light	30	hbm:part_barrel_light_steel	Steel
part_barrel_light	33	hbm:part_barrel_light_durasteel	DuraSteel
part_barrel_light	34	hbm:part_barrel_light_saturnite	Saturnite
part_barrel_light	36	hbm:part_barrel_light_tcalloy	TcAlloy
part_barrel_light	42	hbm:part_barrel_light_workersalloy	WorkersAlloy
part_barrel_light	43	hbm:part_barrel_light_cdalloy	CdAlloy
part_barrel_light	46	hbm:part_barrel_light_bismuthbronze	BismuthBronze
part_barrel_light	47	hbm:part_barrel_light_arsenicbronze	ArsenicBronze
part_barrel_light	49	hbm:part_barrel_light_gunmetal	GunMetal
part_barrel_light	50	hbm:part_barrel_light_weaponsteel	WeaponSteel
part_grip	20001	hbm:part_grip_polymer	Polymer
part_grip	20002	hbm:part_grip_bakelite	Bakelite
part_grip	20003	hbm:part_grip_rubber	Rubber
part_grip	20004	hbm:part_grip_polycarbonate	Polycarbonate
part_grip	20005	hbm:part_grip_pvc	PVC
part_grip	3	hbm:part_grip_wood	Wood
part_grip	30	hbm:part_grip_steel	Steel
part_grip	33	hbm:part_grip_durasteel	DuraSteel
part_grip	34	hbm:part_grip_saturnite	Saturnite
part_grip	4	hbm:part_grip_bone	Bone
part_grip	42	hbm:part_grip_workersalloy	WorkersAlloy
part_grip	49	hbm:part_grip_gunmetal	GunMetal
part_grip	50	hbm:part_grip_weaponsteel	WeaponSteel
part_mechanism	34	hbm:part_mechanism_saturnite	Saturnite
part_mechanism	49	hbm:part_mechanism_gunmetal	GunMetal
part_mechanism	50	hbm:part_mechanism_weaponsteel	WeaponSteel
part_receiver_heavy	33	hbm:part_receiver_heavy_durasteel	DuraSteel
part_receiver_heavy	34	hbm:part_receiver_heavy_saturnite	Saturnite
part_receiver_heavy	36	hbm:part_receiver_heavy_tcalloy	TcAlloy
part_receiver_heavy	37	hbm:part_receiver_heavy_ferrouranium	Ferrouranium
part_receiver_heavy	43	hbm:part_receiver_heavy_cdalloy	CdAlloy
part_receiver_heavy	46	hbm:part_receiver_heavy_bismuthbronze	BismuthBronze
part_receiver_heavy	47	hbm:part_receiver_heavy_arsenicbronze	ArsenicBronze
part_receiver_heavy	49	hbm:part_receiver_heavy_gunmetal	GunMetal
part_receiver_heavy	50	hbm:part_receiver_heavy_weaponsteel	WeaponSteel
part_receiver_light	30	hbm:part_receiver_light_steel	Steel
part_receiver_light	33	hbm:part_receiver_light_durasteel	DuraSteel
part_receiver_light	34	hbm:part_receiver_light_saturnite	Saturnite
part_receiver_light	36	hbm:part_receiver_light_tcalloy	TcAlloy
part_receiver_light	42	hbm:part_receiver_light_workersalloy	WorkersAlloy
part_receiver_light	43	hbm:part_receiver_light_cdalloy	CdAlloy
part_receiver_light	46	hbm:part_receiver_light_bismuthbronze	BismuthBronze
part_receiver_light	47	hbm:part_receiver_light_arsenicbronze	ArsenicBronze
part_receiver_light	49	hbm:part_receiver_light_gunmetal	GunMetal
part_receiver_light	50	hbm:part_receiver_light_weaponsteel	WeaponSteel
part_stock	20001	hbm:part_stock_polymer	Polymer
part_stock	20002	hbm:part_stock_bakelite	Bakelite
part_stock	20004	hbm:part_stock_polycarbonate	Polycarbonate
part_stock	20005	hbm:part_stock_pvc	PVC
part_stock	3	hbm:part_stock_wood	Wood
part_stock	34	hbm:part_stock_saturnite	Saturnite
part_stock	42	hbm:part_stock_workersalloy	WorkersAlloy
part_stock	49	hbm:part_stock_gunmetal	GunMetal
part_stock	50	hbm:part_stock_weaponsteel	WeaponSteel
pipe	1300	hbm:pipe_aluminum	Aluminum
pipe	20003	hbm:pipe_rubber	Rubber
pipe	2600	hbm:pipe_iron	Iron
pipe	2900	hbm:pipe_copper	Copper
pipe	30	hbm:pipe_steel	Steel
pipe	33	hbm:pipe_durasteel	DuraSteel
pipe	8200	hbm:pipe_lead	Lead
plate_aluminium	0	hbm:plate_aluminium	Aluminum
plate_cast	12600	hbm:plate_cast_schrabidate	Schrabidate
plate_cast	12626	hbm:plate_cast_schrabidium	Schrabidium
plate_cast	1300	hbm:plate_cast_aluminum	Aluminum
plate_cast	2200	hbm:plate_cast_titanium	Titanium
plate_cast	2600	hbm:plate_cast_iron	Iron
plate_cast	2900	hbm:plate_cast_copper	Copper
plate_cast	30	hbm:plate_cast_steel	Steel
plate_cast	33	hbm:plate_cast_durasteel	DuraSteel
plate_cast	34	hbm:plate_cast_saturnite	Saturnite
plate_cast	35	hbm:plate_cast_starmetal	Starmetal
plate_cast	36	hbm:plate_cast_tcalloy	TcAlloy
plate_cast	37	hbm:plate_cast_ferrouranium	Ferrouranium
plate_cast	39	hbm:plate_cast_cmbsteel	CMBSteel
plate_cast	4000	hbm:plate_cast_zirconium	Zirconium
plate_cast	42	hbm:plate_cast_workersalloy	WorkersAlloy
plate_cast	43	hbm:plate_cast_cdalloy	CdAlloy
plate_cast	46	hbm:plate_cast_bismuthbronze	BismuthBronze
plate_cast	47	hbm:plate_cast_arsenicbronze	ArsenicBronze
plate_cast	50	hbm:plate_cast_weaponsteel	WeaponSteel
plate_cast	7400	hbm:plate_cast_tungsten	Tungsten
plate_cast	7699	hbm:plate_cast_osmiridium	Osmiridium
plate_cast	7900	hbm:plate_cast_gold	Gold
plate_cast	8200	hbm:plate_cast_lead	Lead
plate_combine_steel	0	hbm:plate_combine_steel	CMBSteel
plate_copper	0	hbm:plate_copper	Copper
plate_dura_steel	0	hbm:plate_dura_steel	DuraSteel
plate_gold	0	hbm:plate_gold	Gold
plate_gunmetal	0	hbm:plate_gunmetal	GunMetal
plate_iron	0	hbm:plate_iron	Iron
plate_lead	0	hbm:plate_lead	Lead
plate_saturnite	0	hbm:plate_saturnite	Saturnite
plate_schrabidium	0	hbm:plate_schrabidium	Schrabidium
plate_steel	0	hbm:plate_steel	Steel
plate_titanium	0	hbm:plate_titanium	Titanium
plate_weaponsteel	0	hbm:plate_weaponsteel	WeaponSteel
plate_welded	1300	hbm:plate_welded_aluminum	Aluminum
plate_welded	2200	hbm:plate_welded_titanium	Titanium
plate_welded	2600	hbm:plate_welded_iron	Iron
plate_welded	2900	hbm:plate_welded_copper	Copper
plate_welded	30	hbm:plate_welded_steel	Steel
plate_welded	36	hbm:plate_welded_tcalloy	TcAlloy
plate_welded	39	hbm:plate_welded_cmbsteel	CMBSteel
plate_welded	4000	hbm:plate_welded_zirconium	Zirconium
plate_welded	43	hbm:plate_welded_cdalloy	CdAlloy
plate_welded	7400	hbm:plate_welded_tungsten	Tungsten
plate_welded	7699	hbm:plate_welded_osmiridium	Osmiridium
powder_actinium	0	hbm:powder_actinium	Actinium227
powder_actinium_tiny	0	hbm:powder_actinium_tiny	Actinium227
powder_aluminium	0	hbm:powder_aluminium	Aluminum
powder_asbestos	0	hbm:powder_asbestos	Asbestos
powder_astatine	0	hbm:powder_astatine	Astatine
powder_at209	0	hbm:powder_at209	Astatine209
powder_au198	0	hbm:powder_au198	Gold198
powder_australium	0	hbm:powder_australium	Australium
powder_bakelite	0	hbm:powder_bakelite	Bakelite
powder_beryllium	0	hbm:powder_beryllium	Beryllium
powder_bismuth	0	hbm:powder_bismuth	Bismuth
powder_borax	0	hbm:powder_borax	Borax
powder_boron	0	hbm:powder_boron	Boron
powder_boron_tiny	0	hbm:powder_boron_tiny	Boron
powder_bromine	0	hbm:powder_bromine	Bromine
powder_cadmium	0	hbm:powder_cadmium	Cadmium
powder_caesium	0	hbm:powder_caesium	Caesium
powder_calcium	0	hbm:powder_calcium	Calcium
powder_cerium	0	hbm:powder_cerium	Cerium
powder_cerium_tiny	0	hbm:powder_cerium_tiny	Cerium
powder_chlorocalcite	0	hbm:powder_chlorocalcite	Chlorocalcite
powder_co60	0	hbm:powder_co60	Cobalt60
powder_coal	0	hbm:powder_coal	Coal
powder_coal_tiny	0	hbm:powder_coal_tiny	Coal
powder_cobalt	0	hbm:powder_cobalt	Cobalt
powder_cobalt_tiny	0	hbm:powder_cobalt_tiny	Cobalt
powder_coltan_ore	0	hbm:powder_coltan_ore	Coltan
powder_combine_steel	0	hbm:powder_combine_steel	CMBSteel
powder_copper	0	hbm:powder_copper	Copper
powder_cs137	0	hbm:powder_cs137	Caesium137
powder_cs137_tiny	0	hbm:powder_cs137_tiny	Caesium137
powder_desh	0	hbm:powder_desh	WorkersAlloy
powder_diamond	0	hbm:powder_diamond	Diamond
powder_dineutronium	0	hbm:powder_dineutronium	Dineutronium
powder_dura_steel	0	hbm:powder_dura_steel	DuraSteel
powder_emerald	0	hbm:powder_emerald	Emerald
powder_euphemium	0	hbm:powder_euphemium	Euphemium
powder_fire	0	hbm:powder_fire	RedPhosphorus
powder_gold	0	hbm:powder_gold	Gold
powder_i131	0	hbm:powder_i131	Iodine131
powder_i131_tiny	0	hbm:powder_i131_tiny	Iodine131
powder_iodine	0	hbm:powder_iodine	Iodine
powder_iron	0	hbm:powder_iron	Iron
powder_lanthanium	0	hbm:powder_lanthanium	Lanthanum
powder_lanthanium_tiny	0	hbm:powder_lanthanium_tiny	Lanthanum
powder_lapis	0	hbm:powder_lapis	Lapis
powder_lead	0	hbm:powder_lead	Lead
powder_lignite	0	hbm:powder_lignite	Lignite
powder_limestone	0	hbm:powder_limestone	Limestone
powder_lithium	0	hbm:powder_lithium	Lithium
powder_lithium_tiny	0	hbm:powder_lithium_tiny	Lithium
powder_magnetized_tungsten	0	hbm:powder_magnetized_tungsten	MagnetizedTungsten
powder_molysite	0	hbm:powder_molysite	Molysite
powder_neodymium	0	hbm:powder_neodymium	Neodymium
powder_neodymium_tiny	0	hbm:powder_neodymium_tiny	Neodymium
powder_neptunium	0	hbm:powder_neptunium	Neptunium237
powder_niobium	0	hbm:powder_niobium	Niobium
powder_niobium_tiny	0	hbm:powder_niobium_tiny	Niobium
powder_plutonium	0	hbm:powder_plutonium	Plutonium
powder_polonium	0	hbm:powder_polonium	Polonium210
powder_polymer	0	hbm:powder_polymer	Polymer
powder_quartz	0	hbm:powder_quartz	NetherQuartz
powder_ra226	0	hbm:powder_ra226	Radium226
powder_red_copper	0	hbm:powder_red_copper	Mingrade
powder_schrabidate	0	hbm:powder_schrabidate	Schrabidate
powder_schrabidium	0	hbm:powder_schrabidium	Schrabidium
powder_sodium	0	hbm:powder_sodium	Sodium
powder_sr90	0	hbm:powder_sr90	Strontium90
powder_sr90_tiny	0	hbm:powder_sr90_tiny	Strontium90
powder_steel	0	hbm:powder_steel	Steel
powder_steel_tiny	0	hbm:powder_steel_tiny	Steel
powder_strontium	0	hbm:powder_strontium	Strontium
powder_tantalium	0	hbm:powder_tantalium	Tantalum
powder_tcalloy	0	hbm:powder_tcalloy	TcAlloy
powder_thorium	0	hbm:powder_thorium	Thorium232
powder_titanium	0	hbm:powder_titanium	Titanium
powder_tungsten	0	hbm:powder_tungsten	Tungsten
powder_uranium	0	hbm:powder_uranium	Uranium
powder_xe135	0	hbm:powder_xe135	Xenon135
powder_xe135_tiny	0	hbm:powder_xe135_tiny	Xenon135
powder_zirconium	0	hbm:powder_zirconium	Zirconium
shell	1300	hbm:shell_aluminum	Aluminum
shell	2200	hbm:shell_titanium	Titanium
shell	2900	hbm:shell_copper	Copper
shell	30	hbm:shell_steel	Steel
shell	34	hbm:shell_saturnite	Saturnite
shell	50	hbm:shell_weaponsteel	WeaponSteel
sulfur	0	hbm:sulfur	Sulfur
wire_dense	12600	hbm:wire_dense_schrabidate	Schrabidate
wire_dense	12626	hbm:wire_dense_schrabidium	Schrabidium
wire_dense	2200	hbm:wire_dense_titanium	Titanium
wire_dense	2900	hbm:wire_dense_copper	Copper
wire_dense	31	hbm:wire_dense_mingrade	Mingrade
wire_dense	35	hbm:wire_dense_starmetal	Starmetal
wire_dense	38	hbm:wire_dense_magnetizedtungsten	MagnetizedTungsten
wire_dense	4100	hbm:wire_dense_niobium	Niobium
wire_dense	45	hbm:wire_dense_dineutronium	Dineutronium
wire_dense	48	hbm:wire_dense_bscco	BSCCO
wire_dense	6000	hbm:wire_dense_neodymium	Neodymium
wire_dense	7400	hbm:wire_dense_tungsten	Tungsten
wire_dense	7900	hbm:wire_dense_gold	Gold
wire_fine	12626	hbm:wire_fine_schrabidium	Schrabidium
wire_fine	1300	hbm:wire_fine_aluminum	Aluminum
wire_fine	2900	hbm:wire_fine_copper	Copper
wire_fine	30	hbm:wire_fine_steel	Steel
wire_fine	31	hbm:wire_fine_mingrade	Mingrade
wire_fine	38	hbm:wire_fine_magnetizedtungsten	MagnetizedTungsten
wire_fine	4000	hbm:wire_fine_zirconium	Zirconium
wire_fine	699	hbm:wire_fine_carbon	Carbon
wire_fine	7400	hbm:wire_fine_tungsten	Tungsten
wire_fine	7900	hbm:wire_fine_gold	Gold
wire_fine	8200	hbm:wire_fine_lead	Lead
