item.ammo_secret	2	hbm:ammo_secret__2
item.ammo_secret	3	hbm:ammo_secret__3
item.ammo_secret	4	hbm:ammo_secret__4
item.circuit_star_component	0	hbm:circuit_star_component__0
item.circuit_star_component	1	hbm:circuit_star_component__1
item.circuit_star_component	2	hbm:circuit_star_component__2
item.circuit_star_component	3	hbm:circuit_star_component__3
item.circuit_star_piece	0	hbm:circuit_star_piece__0
item.circuit_star_piece	1	hbm:circuit_star_piece__1
item.circuit_star_piece	10	hbm:circuit_star_piece__10
item.circuit_star_piece	11	hbm:circuit_star_piece__11
item.circuit_star_piece	3	hbm:circuit_star_piece__3
item.circuit_star_piece	4	hbm:circuit_star_piece__4
item.circuit_star_piece	5	hbm:circuit_star_piece__5
item.circuit_star_piece	6	hbm:circuit_star_piece__6
item.circuit_star_piece	7	hbm:circuit_star_piece__7
item.circuit_star_piece	8	hbm:circuit_star_piece__8
item.circuit_star_piece	9	hbm:circuit_star_piece__9
item.crucible	3	hbm:crucible__3
item.holotape_image	1	hbm:holotape_image__1
item.item_secret	2	hbm:item_secret__2
item.page_of_	0	hbm:page_of___0
item.page_of_	1	hbm:page_of___1
item.page_of_	2	hbm:page_of___2
item.page_of_	3	hbm:page_of___3
item.page_of_	4	hbm:page_of___4
item.page_of_	5	hbm:page_of___5
item.page_of_	6	hbm:page_of___6
item.page_of_	7	hbm:page_of___7
